26-Mar-2026 01:19:49.818 INFO [main] org.apache.catalina.startup.VersionLoggerListener.log Server version name:   Apache Tomcat/10.1.50
26-Mar-2026 01:19:49.823 INFO [main] org.apache.catalina.startup.VersionLoggerListener.log Server built:          Dec 2 2025 22:57:41 UTC
26-Mar-2026 01:19:49.823 INFO [main] org.apache.catalina.startup.VersionLoggerListener.log Server version number: 10.1.50.0
26-Mar-2026 01:19:49.824 INFO [main] org.apache.catalina.startup.VersionLoggerListener.log OS Name:               Windows 11
26-Mar-2026 01:19:49.824 INFO [main] org.apache.catalina.startup.VersionLoggerListener.log OS Version:            10.0
26-Mar-2026 01:19:49.825 INFO [main] org.apache.catalina.startup.VersionLoggerListener.log Architecture:          amd64
26-Mar-2026 01:19:49.825 INFO [main] org.apache.catalina.startup.VersionLoggerListener.log Java Home:             C:\Program Files\Java\jdk-17
26-Mar-2026 01:19:49.826 INFO [main] org.apache.catalina.startup.VersionLoggerListener.log JVM Version:           17.0.11+7-LTS-207
26-Mar-2026 01:19:49.826 INFO [main] org.apache.catalina.startup.VersionLoggerListener.log JVM Vendor:            Oracle Corporation
26-Mar-2026 01:19:49.826 INFO [main] org.apache.catalina.startup.VersionLoggerListener.log CATALINA_BASE:         C:\apache-tomcat-10.1.50
26-Mar-2026 01:19:49.826 INFO [main] org.apache.catalina.startup.VersionLoggerListener.log CATALINA_HOME:         C:\apache-tomcat-10.1.50
26-Mar-2026 01:19:49.836 INFO [main] org.apache.catalina.startup.VersionLoggerListener.log Command line argument: -Djava.util.logging.config.file=C:\apache-tomcat-10.1.50\conf\logging.properties
26-Mar-2026 01:19:49.837 INFO [main] org.apache.catalina.startup.VersionLoggerListener.log Command line argument: -Djava.util.logging.manager=org.apache.juli.ClassLoaderLogManager
26-Mar-2026 01:19:49.837 INFO [main] org.apache.catalina.startup.VersionLoggerListener.log Command line argument: -Djdk.tls.ephemeralDHKeySize=2048
26-Mar-2026 01:19:49.837 INFO [main] org.apache.catalina.startup.VersionLoggerListener.log Command line argument: -Djava.protocol.handler.pkgs=org.apache.catalina.webresources
26-Mar-2026 01:19:49.837 INFO [main] org.apache.catalina.startup.VersionLoggerListener.log Command line argument: -Dsun.io.useCanonCaches=false
26-Mar-2026 01:19:49.837 INFO [main] org.apache.catalina.startup.VersionLoggerListener.log Command line argument: --add-opens=java.base/java.lang=ALL-UNNAMED
26-Mar-2026 01:19:49.837 INFO [main] org.apache.catalina.startup.VersionLoggerListener.log Command line argument: --add-opens=java.base/java.lang.reflect=ALL-UNNAMED
26-Mar-2026 01:19:49.837 INFO [main] org.apache.catalina.startup.VersionLoggerListener.log Command line argument: --add-opens=java.base/java.io=ALL-UNNAMED
26-Mar-2026 01:19:49.838 INFO [main] org.apache.catalina.startup.VersionLoggerListener.log Command line argument: --add-opens=java.base/java.util=ALL-UNNAMED
26-Mar-2026 01:19:49.838 INFO [main] org.apache.catalina.startup.VersionLoggerListener.log Command line argument: --add-opens=java.base/java.util.concurrent=ALL-UNNAMED
26-Mar-2026 01:19:49.838 INFO [main] org.apache.catalina.startup.VersionLoggerListener.log Command line argument: --add-opens=java.rmi/sun.rmi.transport=ALL-UNNAMED
26-Mar-2026 01:19:49.838 INFO [main] org.apache.catalina.startup.VersionLoggerListener.log Command line argument: -Dcatalina.base=C:\apache-tomcat-10.1.50
26-Mar-2026 01:19:49.838 INFO [main] org.apache.catalina.startup.VersionLoggerListener.log Command line argument: -Dcatalina.home=C:\apache-tomcat-10.1.50
26-Mar-2026 01:19:49.838 INFO [main] org.apache.catalina.startup.VersionLoggerListener.log Command line argument: -Djava.io.tmpdir=C:\apache-tomcat-10.1.50\temp
26-Mar-2026 01:19:49.839 INFO [main] org.apache.catalina.core.AprLifecycleListener.lifecycleEvent Loaded Apache Tomcat Native library [2.0.9] using APR version [1.7.6].
26-Mar-2026 01:19:49.860 INFO [main] org.apache.catalina.core.AprLifecycleListener.initializeSSL OpenSSL successfully initialized [OpenSSL 3.5.0 8 Apr 2025]
26-Mar-2026 01:19:50.085 INFO [main] org.apache.coyote.AbstractProtocol.init Initializing ProtocolHandler ["http-nio-8080"]
26-Mar-2026 01:19:50.121 INFO [main] org.apache.catalina.startup.Catalina.load Server initialization in [463] milliseconds
26-Mar-2026 01:19:50.185 INFO [main] org.apache.catalina.core.StandardService.startInternal Starting service [Catalina]
26-Mar-2026 01:19:50.185 INFO [main] org.apache.catalina.core.StandardEngine.startInternal Starting Servlet engine: [Apache Tomcat/10.1.50]
26-Mar-2026 01:19:50.201 INFO [main] org.apache.catalina.startup.HostConfig.deployDescriptor Deploying deployment descriptor [C:\apache-tomcat-10.1.50\conf\Catalina\localhost\DigitalLibrary.xml]
26-Mar-2026 01:19:50.226 WARNING [main] org.apache.catalina.startup.HostConfig.deployDescriptor The path attribute with value [/DigitalLibrary] in deployment descriptor [C:\apache-tomcat-10.1.50\conf\Catalina\localhost\DigitalLibrary.xml] has been ignored
26-Mar-2026 01:19:51.372 INFO [main] org.apache.jasper.servlet.TldScanner.scanJars At least one JAR was scanned for TLDs yet contained no TLDs. Enable debug logging for this logger for a complete list of JARs that were scanned but no TLDs were found in them. Skipping unneeded JARs during scanning can improve startup time and JSP compilation time.
26-Mar-2026 01:19:51.468 INFO [main] org.apache.catalina.startup.HostConfig.deployDescriptor Deployment of deployment descriptor [C:\apache-tomcat-10.1.50\conf\Catalina\localhost\DigitalLibrary.xml] has finished in [1,267] ms
26-Mar-2026 01:19:51.468 INFO [main] org.apache.catalina.startup.HostConfig.deployDescriptor Deploying deployment descriptor [C:\apache-tomcat-10.1.50\conf\Catalina\localhost\Library.xml]
26-Mar-2026 01:19:51.468 WARNING [main] org.apache.catalina.startup.HostConfig.deployDescriptor The path attribute with value [/Library] in deployment descriptor [C:\apache-tomcat-10.1.50\conf\Catalina\localhost\Library.xml] has been ignored
26-Mar-2026 01:19:53.171 INFO [main] org.apache.jasper.servlet.TldScanner.scanJars At least one JAR was scanned for TLDs yet contained no TLDs. Enable debug logging for this logger for a complete list of JARs that were scanned but no TLDs were found in them. Skipping unneeded JARs during scanning can improve startup time and JSP compilation time.
26-Mar-2026 01:19:53.195 INFO [main] org.apache.catalina.startup.HostConfig.deployDescriptor Deployment of deployment descriptor [C:\apache-tomcat-10.1.50\conf\Catalina\localhost\Library.xml] has finished in [1,726] ms
26-Mar-2026 01:19:53.196 INFO [main] org.apache.catalina.startup.HostConfig.deployDirectory Deploying web application directory [C:\apache-tomcat-10.1.50\webapps\docs]
26-Mar-2026 01:19:53.226 INFO [main] org.apache.catalina.startup.HostConfig.deployDirectory Deployment of web application directory [C:\apache-tomcat-10.1.50\webapps\docs] has finished in [30] ms
26-Mar-2026 01:19:53.227 INFO [main] org.apache.catalina.startup.HostConfig.deployDirectory Deploying web application directory [C:\apache-tomcat-10.1.50\webapps\examples]
26-Mar-2026 01:19:53.455 INFO [main] org.apache.catalina.startup.HostConfig.deployDirectory Deployment of web application directory [C:\apache-tomcat-10.1.50\webapps\examples] has finished in [228] ms
26-Mar-2026 01:19:53.455 INFO [main] org.apache.catalina.startup.HostConfig.deployDirectory Deploying web application directory [C:\apache-tomcat-10.1.50\webapps\host-manager]
26-Mar-2026 01:19:53.481 INFO [main] org.apache.catalina.startup.HostConfig.deployDirectory Deployment of web application directory [C:\apache-tomcat-10.1.50\webapps\host-manager] has finished in [26] ms
26-Mar-2026 01:19:53.481 INFO [main] org.apache.catalina.startup.HostConfig.deployDirectory Deploying web application directory [C:\apache-tomcat-10.1.50\webapps\manager]
26-Mar-2026 01:19:53.515 INFO [main] org.apache.catalina.startup.HostConfig.deployDirectory Deployment of web application directory [C:\apache-tomcat-10.1.50\webapps\manager] has finished in [34] ms
26-Mar-2026 01:19:53.515 INFO [main] org.apache.catalina.startup.HostConfig.deployDirectory Deploying web application directory [C:\apache-tomcat-10.1.50\webapps\ROOT]
26-Mar-2026 01:19:53.533 INFO [main] org.apache.catalina.startup.HostConfig.deployDirectory Deployment of web application directory [C:\apache-tomcat-10.1.50\webapps\ROOT] has finished in [17] ms
26-Mar-2026 01:19:53.540 INFO [main] org.apache.coyote.AbstractProtocol.start Starting ProtocolHandler ["http-nio-8080"]
26-Mar-2026 01:19:53.590 INFO [main] org.apache.catalina.startup.Catalina.start Server startup in [3468] milliseconds
26-Mar-2026 01:19:56.808 INFO [http-nio-8080-exec-10] org.apache.catalina.startup.HostConfig.undeploy Undeploying context [/Library]
26-Mar-2026 01:19:56.853 INFO [http-nio-8080-exec-2] org.apache.catalina.startup.HostConfig.deployDescriptor Deploying deployment descriptor [C:\apache-tomcat-10.1.50\conf\Catalina\localhost\Library.xml]
26-Mar-2026 01:19:56.853 WARNING [http-nio-8080-exec-2] org.apache.catalina.startup.HostConfig.deployDescriptor The path attribute with value [/Library] in deployment descriptor [C:\apache-tomcat-10.1.50\conf\Catalina\localhost\Library.xml] has been ignored
26-Mar-2026 01:19:57.977 INFO [http-nio-8080-exec-2] org.apache.jasper.servlet.TldScanner.scanJars At least one JAR was scanned for TLDs yet contained no TLDs. Enable debug logging for this logger for a complete list of JARs that were scanned but no TLDs were found in them. Skipping unneeded JARs during scanning can improve startup time and JSP compilation time.
26-Mar-2026 01:19:57.997 INFO [http-nio-8080-exec-2] org.apache.catalina.startup.HostConfig.deployDescriptor Deployment of deployment descriptor [C:\apache-tomcat-10.1.50\conf\Catalina\localhost\Library.xml] has finished in [1,143] ms
26-Mar-2026 01:19:58.001 INFO [http-nio-8080-exec-5] org.apache.catalina.util.LifecycleBase.start The start() method was called on component [StandardEngine[Catalina].StandardHost[localhost].StandardContext[/Library]] after start() had already been called. The second call will be ignored.
26-Mar-2026 01:20:07.776 INFO [http-nio-8080-exec-1] util.DBUtil.<clinit> SQL Server JDBC driver loaded successfully
26-Mar-2026 01:20:08.369 INFO [http-nio-8080-exec-1] util.DBUtil.initializeConnectionPool Connection pool initialized with 10 connections
26-Mar-2026 02:03:43.235 INFO [main] org.apache.catalina.core.StandardServer.await A valid shutdown command was received via the shutdown port. Stopping the Server instance.
26-Mar-2026 02:03:43.239 INFO [main] org.apache.coyote.AbstractProtocol.pause Pausing ProtocolHandler ["http-nio-8080"]
26-Mar-2026 02:03:43.444 INFO [main] org.apache.catalina.core.StandardService.stopInternal Stopping service [Catalina]
26-Mar-2026 02:03:43.539 WARNING [main] org.apache.catalina.loader.WebappClassLoaderBase.clearReferencesJdbc The web application [Library] registered the JDBC driver [com.microsoft.sqlserver.jdbc.SQLServerDriver] but failed to unregister it when the web application was stopped. To prevent a memory leak, the JDBC Driver has been forcibly unregistered.
26-Mar-2026 02:03:43.540 INFO [main] org.apache.coyote.AbstractProtocol.stop Stopping ProtocolHandler ["http-nio-8080"]
26-Mar-2026 02:03:43.564 INFO [main] org.apache.coyote.AbstractProtocol.destroy Destroying ProtocolHandler ["http-nio-8080"]
26-Mar-2026 08:18:19.022 INFO [main] org.apache.catalina.startup.VersionLoggerListener.log Server version name:   Apache Tomcat/10.1.50
26-Mar-2026 08:18:19.028 INFO [main] org.apache.catalina.startup.VersionLoggerListener.log Server built:          Dec 2 2025 22:57:41 UTC
26-Mar-2026 08:18:19.030 INFO [main] org.apache.catalina.startup.VersionLoggerListener.log Server version number: 10.1.50.0
26-Mar-2026 08:18:19.030 INFO [main] org.apache.catalina.startup.VersionLoggerListener.log OS Name:               Windows 11
26-Mar-2026 08:18:19.031 INFO [main] org.apache.catalina.startup.VersionLoggerListener.log OS Version:            10.0
26-Mar-2026 08:18:19.031 INFO [main] org.apache.catalina.startup.VersionLoggerListener.log Architecture:          amd64
26-Mar-2026 08:18:19.031 INFO [main] org.apache.catalina.startup.VersionLoggerListener.log Java Home:             C:\Program Files\Java\jdk-17
26-Mar-2026 08:18:19.031 INFO [main] org.apache.catalina.startup.VersionLoggerListener.log JVM Version:           17.0.11+7-LTS-207
26-Mar-2026 08:18:19.032 INFO [main] org.apache.catalina.startup.VersionLoggerListener.log JVM Vendor:            Oracle Corporation
26-Mar-2026 08:18:19.032 INFO [main] org.apache.catalina.startup.VersionLoggerListener.log CATALINA_BASE:         C:\apache-tomcat-10.1.50
26-Mar-2026 08:18:19.032 INFO [main] org.apache.catalina.startup.VersionLoggerListener.log CATALINA_HOME:         C:\apache-tomcat-10.1.50
26-Mar-2026 08:18:19.044 INFO [main] org.apache.catalina.startup.VersionLoggerListener.log Command line argument: -Djava.util.logging.config.file=C:\apache-tomcat-10.1.50\conf\logging.properties
26-Mar-2026 08:18:19.045 INFO [main] org.apache.catalina.startup.VersionLoggerListener.log Command line argument: -Djava.util.logging.manager=org.apache.juli.ClassLoaderLogManager
26-Mar-2026 08:18:19.045 INFO [main] org.apache.catalina.startup.VersionLoggerListener.log Command line argument: -Djdk.tls.ephemeralDHKeySize=2048
26-Mar-2026 08:18:19.045 INFO [main] org.apache.catalina.startup.VersionLoggerListener.log Command line argument: -Djava.protocol.handler.pkgs=org.apache.catalina.webresources
26-Mar-2026 08:18:19.045 INFO [main] org.apache.catalina.startup.VersionLoggerListener.log Command line argument: -Dsun.io.useCanonCaches=false
26-Mar-2026 08:18:19.046 INFO [main] org.apache.catalina.startup.VersionLoggerListener.log Command line argument: --add-opens=java.base/java.lang=ALL-UNNAMED
26-Mar-2026 08:18:19.046 INFO [main] org.apache.catalina.startup.VersionLoggerListener.log Command line argument: --add-opens=java.base/java.lang.reflect=ALL-UNNAMED
26-Mar-2026 08:18:19.046 INFO [main] org.apache.catalina.startup.VersionLoggerListener.log Command line argument: --add-opens=java.base/java.io=ALL-UNNAMED
26-Mar-2026 08:18:19.046 INFO [main] org.apache.catalina.startup.VersionLoggerListener.log Command line argument: --add-opens=java.base/java.util=ALL-UNNAMED
26-Mar-2026 08:18:19.047 INFO [main] org.apache.catalina.startup.VersionLoggerListener.log Command line argument: --add-opens=java.base/java.util.concurrent=ALL-UNNAMED
26-Mar-2026 08:18:19.048 INFO [main] org.apache.catalina.startup.VersionLoggerListener.log Command line argument: --add-opens=java.rmi/sun.rmi.transport=ALL-UNNAMED
26-Mar-2026 08:18:19.049 INFO [main] org.apache.catalina.startup.VersionLoggerListener.log Command line argument: -Dcatalina.base=C:\apache-tomcat-10.1.50
26-Mar-2026 08:18:19.051 INFO [main] org.apache.catalina.startup.VersionLoggerListener.log Command line argument: -Dcatalina.home=C:\apache-tomcat-10.1.50
26-Mar-2026 08:18:19.052 INFO [main] org.apache.catalina.startup.VersionLoggerListener.log Command line argument: -Djava.io.tmpdir=C:\apache-tomcat-10.1.50\temp
26-Mar-2026 08:18:19.060 INFO [main] org.apache.catalina.core.AprLifecycleListener.lifecycleEvent Loaded Apache Tomcat Native library [2.0.9] using APR version [1.7.6].
26-Mar-2026 08:18:19.081 INFO [main] org.apache.catalina.core.AprLifecycleListener.initializeSSL OpenSSL successfully initialized [OpenSSL 3.5.0 8 Apr 2025]
26-Mar-2026 08:18:20.038 INFO [main] org.apache.coyote.AbstractProtocol.init Initializing ProtocolHandler ["http-nio-8080"]
26-Mar-2026 08:18:20.349 INFO [main] org.apache.catalina.startup.Catalina.load Server initialization in [1629] milliseconds
26-Mar-2026 08:18:21.582 INFO [main] org.apache.catalina.core.StandardService.startInternal Starting service [Catalina]
26-Mar-2026 08:18:21.587 INFO [main] org.apache.catalina.core.StandardEngine.startInternal Starting Servlet engine: [Apache Tomcat/10.1.50]
26-Mar-2026 08:18:21.812 INFO [main] org.apache.catalina.startup.HostConfig.deployDescriptor Deploying deployment descriptor [C:\apache-tomcat-10.1.50\conf\Catalina\localhost\DigitalLibrary.xml]
26-Mar-2026 08:18:21.976 WARNING [main] org.apache.catalina.startup.HostConfig.deployDescriptor The path attribute with value [/DigitalLibrary] in deployment descriptor [C:\apache-tomcat-10.1.50\conf\Catalina\localhost\DigitalLibrary.xml] has been ignored
26-Mar-2026 08:18:28.917 INFO [main] org.apache.jasper.servlet.TldScanner.scanJars At least one JAR was scanned for TLDs yet contained no TLDs. Enable debug logging for this logger for a complete list of JARs that were scanned but no TLDs were found in them. Skipping unneeded JARs during scanning can improve startup time and JSP compilation time.
26-Mar-2026 08:18:29.911 WARNING [main] org.apache.catalina.util.SessionIdGeneratorBase.createSecureRandom Creation of SecureRandom instance for session ID generation using [SHA1PRNG] took [105] milliseconds.
26-Mar-2026 08:18:30.285 INFO [main] org.apache.catalina.startup.HostConfig.deployDescriptor Deployment of deployment descriptor [C:\apache-tomcat-10.1.50\conf\Catalina\localhost\DigitalLibrary.xml] has finished in [8,477] ms
26-Mar-2026 08:18:30.287 INFO [main] org.apache.catalina.startup.HostConfig.deployDescriptor Deploying deployment descriptor [C:\apache-tomcat-10.1.50\conf\Catalina\localhost\Library.xml]
26-Mar-2026 08:18:30.291 WARNING [main] org.apache.catalina.startup.HostConfig.deployDescriptor The path attribute with value [/Library] in deployment descriptor [C:\apache-tomcat-10.1.50\conf\Catalina\localhost\Library.xml] has been ignored
26-Mar-2026 08:18:34.078 INFO [main] org.apache.jasper.servlet.TldScanner.scanJars At least one JAR was scanned for TLDs yet contained no TLDs. Enable debug logging for this logger for a complete list of JARs that were scanned but no TLDs were found in them. Skipping unneeded JARs during scanning can improve startup time and JSP compilation time.
26-Mar-2026 08:18:34.123 INFO [main] org.apache.catalina.startup.HostConfig.deployDescriptor Deployment of deployment descriptor [C:\apache-tomcat-10.1.50\conf\Catalina\localhost\Library.xml] has finished in [3,829] ms
26-Mar-2026 08:18:34.151 INFO [main] org.apache.catalina.startup.HostConfig.deployDirectory Deploying web application directory [C:\apache-tomcat-10.1.50\webapps\docs]
26-Mar-2026 08:18:34.357 INFO [main] org.apache.catalina.startup.HostConfig.deployDirectory Deployment of web application directory [C:\apache-tomcat-10.1.50\webapps\docs] has finished in [202] ms
26-Mar-2026 08:18:34.366 INFO [main] org.apache.catalina.startup.HostConfig.deployDirectory Deploying web application directory [C:\apache-tomcat-10.1.50\webapps\examples]
26-Mar-2026 08:18:36.342 INFO [main] org.apache.catalina.startup.HostConfig.deployDirectory Deployment of web application directory [C:\apache-tomcat-10.1.50\webapps\examples] has finished in [1,980] ms
26-Mar-2026 08:18:36.350 INFO [main] org.apache.catalina.startup.HostConfig.deployDirectory Deploying web application directory [C:\apache-tomcat-10.1.50\webapps\host-manager]
26-Mar-2026 08:18:36.634 INFO [main] org.apache.catalina.startup.HostConfig.deployDirectory Deployment of web application directory [C:\apache-tomcat-10.1.50\webapps\host-manager] has finished in [283] ms
26-Mar-2026 08:18:36.641 INFO [main] org.apache.catalina.startup.HostConfig.deployDirectory Deploying web application directory [C:\apache-tomcat-10.1.50\webapps\manager]
26-Mar-2026 08:18:36.756 INFO [main] org.apache.catalina.startup.HostConfig.deployDirectory Deployment of web application directory [C:\apache-tomcat-10.1.50\webapps\manager] has finished in [112] ms
26-Mar-2026 08:18:36.767 INFO [main] org.apache.catalina.startup.HostConfig.deployDirectory Deploying web application directory [C:\apache-tomcat-10.1.50\webapps\ROOT]
26-Mar-2026 08:18:36.823 INFO [main] org.apache.catalina.startup.HostConfig.deployDirectory Deployment of web application directory [C:\apache-tomcat-10.1.50\webapps\ROOT] has finished in [56] ms
26-Mar-2026 08:18:36.968 INFO [main] org.apache.coyote.AbstractProtocol.start Starting ProtocolHandler ["http-nio-8080"]
26-Mar-2026 08:18:37.792 INFO [main] org.apache.catalina.startup.Catalina.start Server startup in [17432] milliseconds
26-Mar-2026 08:18:44.979 INFO [http-nio-8080-exec-4] org.apache.catalina.startup.HostConfig.undeploy Undeploying context [/Library]
26-Mar-2026 08:18:45.203 INFO [http-nio-8080-exec-5] org.apache.catalina.startup.HostConfig.deployDescriptor Deploying deployment descriptor [C:\apache-tomcat-10.1.50\conf\Catalina\localhost\Library.xml]
26-Mar-2026 08:18:45.205 WARNING [http-nio-8080-exec-5] org.apache.catalina.startup.HostConfig.deployDescriptor The path attribute with value [/Library] in deployment descriptor [C:\apache-tomcat-10.1.50\conf\Catalina\localhost\Library.xml] has been ignored
26-Mar-2026 08:18:47.129 INFO [http-nio-8080-exec-5] org.apache.jasper.servlet.TldScanner.scanJars At least one JAR was scanned for TLDs yet contained no TLDs. Enable debug logging for this logger for a complete list of JARs that were scanned but no TLDs were found in them. Skipping unneeded JARs during scanning can improve startup time and JSP compilation time.
26-Mar-2026 08:18:47.168 INFO [http-nio-8080-exec-5] org.apache.catalina.startup.HostConfig.deployDescriptor Deployment of deployment descriptor [C:\apache-tomcat-10.1.50\conf\Catalina\localhost\Library.xml] has finished in [1,960] ms
26-Mar-2026 08:18:47.185 INFO [http-nio-8080-exec-7] org.apache.catalina.util.LifecycleBase.start The start() method was called on component [StandardEngine[Catalina].StandardHost[localhost].StandardContext[/Library]] after start() had already been called. The second call will be ignored.
26-Mar-2026 10:04:40.751 INFO [http-nio-8080-exec-12] util.DBUtil.<clinit> SQL Server JDBC driver loaded successfully
26-Mar-2026 10:04:41.191 INFO [http-nio-8080-exec-12] util.DBUtil.initializeConnectionPool Connection pool initialized with 10 connections
26-Mar-2026 10:04:43.013 INFO [http-nio-8080-exec-14] controller.BookController.handleBookListing Paginated search - page: 1, pageSize: 12, keyword: null, filters applied
26-Mar-2026 10:04:47.706 INFO [http-nio-8080-exec-17] controller.BookController.handleBookDetail Book detail request for ID: 2
26-Mar-2026 10:19:25.322 INFO [http-nio-8080-exec-11] controller.BookController.handleBookListing Paginated search - page: 1, pageSize: 12, keyword: null, filters applied
26-Mar-2026 10:19:25.322 WARNING [http-nio-8080-exec-11] util.DBUtil.getConnection Connection pool exhausted, creating temporary connection
26-Mar-2026 11:51:10.049 INFO [http-nio-8080-exec-13] org.apache.catalina.core.StandardContext.reload Reloading Context with name [/Library] has started
26-Mar-2026 11:51:10.075 WARNING [http-nio-8080-exec-13] org.apache.catalina.loader.WebappClassLoaderBase.clearReferencesJdbc The web application [Library] registered the JDBC driver [com.microsoft.sqlserver.jdbc.SQLServerDriver] but failed to unregister it when the web application was stopped. To prevent a memory leak, the JDBC Driver has been forcibly unregistered.
26-Mar-2026 11:51:13.113 INFO [http-nio-8080-exec-13] org.apache.jasper.servlet.TldScanner.scanJars At least one JAR was scanned for TLDs yet contained no TLDs. Enable debug logging for this logger for a complete list of JARs that were scanned but no TLDs were found in them. Skipping unneeded JARs during scanning can improve startup time and JSP compilation time.
26-Mar-2026 11:51:13.156 INFO [http-nio-8080-exec-13] org.apache.catalina.core.StandardContext.reload Reloading Context with name [/Library] is completed
26-Mar-2026 11:51:13.501 INFO [http-nio-8080-exec-14] org.apache.catalina.core.StandardContext.reload Reloading Context with name [/Library] has started
26-Mar-2026 11:51:14.904 INFO [http-nio-8080-exec-14] org.apache.jasper.servlet.TldScanner.scanJars At least one JAR was scanned for TLDs yet contained no TLDs. Enable debug logging for this logger for a complete list of JARs that were scanned but no TLDs were found in them. Skipping unneeded JARs during scanning can improve startup time and JSP compilation time.
26-Mar-2026 11:51:14.933 INFO [http-nio-8080-exec-14] org.apache.catalina.core.StandardContext.reload Reloading Context with name [/Library] is completed
26-Mar-2026 11:52:42.442 INFO [http-nio-8080-exec-24] org.apache.catalina.startup.HostConfig.undeploy Undeploying context [/Library]
26-Mar-2026 11:53:28.682 INFO [http-nio-8080-exec-24] org.apache.catalina.startup.HostConfig.deployDescriptor Deploying deployment descriptor [C:\apache-tomcat-10.1.50\conf\Catalina\localhost\Library.xml]
26-Mar-2026 11:53:28.686 WARNING [http-nio-8080-exec-24] org.apache.catalina.startup.HostConfig.deployDescriptor The path attribute with value [/Library] in deployment descriptor [C:\apache-tomcat-10.1.50\conf\Catalina\localhost\Library.xml] has been ignored
26-Mar-2026 11:53:29.959 INFO [http-nio-8080-exec-24] org.apache.jasper.servlet.TldScanner.scanJars At least one JAR was scanned for TLDs yet contained no TLDs. Enable debug logging for this logger for a complete list of JARs that were scanned but no TLDs were found in them. Skipping unneeded JARs during scanning can improve startup time and JSP compilation time.
26-Mar-2026 11:53:29.993 INFO [http-nio-8080-exec-24] org.apache.catalina.startup.HostConfig.deployDescriptor Deployment of deployment descriptor [C:\apache-tomcat-10.1.50\conf\Catalina\localhost\Library.xml] has finished in [1,306] ms
26-Mar-2026 11:53:30.002 INFO [http-nio-8080-exec-26] org.apache.catalina.util.LifecycleBase.start The start() method was called on component [StandardEngine[Catalina].StandardHost[localhost].StandardContext[/Library]] after start() had already been called. The second call will be ignored.
26-Mar-2026 11:53:37.942 INFO [http-nio-8080-exec-22] util.DBUtil.<clinit> SQL Server JDBC driver loaded successfully
26-Mar-2026 11:53:38.202 INFO [http-nio-8080-exec-22] util.DBUtil.initializeConnectionPool Connection pool initialized with 10 connections
26-Mar-2026 11:53:40.494 INFO [http-nio-8080-exec-21] controller.BookController.handleBookListing Paginated search - page: 1, pageSize: 12, keyword: null, filters applied
26-Mar-2026 11:54:48.938 INFO [66] util.EmailUtil.sendEmail Email sent to: vutlthe173172@fpt.edu.vn | Subject: [Digital Library] Tài khoản nhân viên mới
26-Mar-2026 11:56:30.963 INFO [http-nio-8080-exec-33] org.apache.catalina.core.StandardContext.reload Reloading Context with name [/Library] has started
26-Mar-2026 11:56:30.966 WARNING [http-nio-8080-exec-33] org.apache.catalina.loader.WebappClassLoaderBase.clearReferencesJdbc The web application [Library] registered the JDBC driver [com.microsoft.sqlserver.jdbc.SQLServerDriver] but failed to unregister it when the web application was stopped. To prevent a memory leak, the JDBC Driver has been forcibly unregistered.
26-Mar-2026 11:56:33.466 INFO [http-nio-8080-exec-33] org.apache.jasper.servlet.TldScanner.scanJars At least one JAR was scanned for TLDs yet contained no TLDs. Enable debug logging for this logger for a complete list of JARs that were scanned but no TLDs were found in them. Skipping unneeded JARs during scanning can improve startup time and JSP compilation time.
26-Mar-2026 11:56:33.485 INFO [http-nio-8080-exec-33] org.apache.catalina.core.StandardContext.reload Reloading Context with name [/Library] is completed
26-Mar-2026 11:56:33.826 INFO [http-nio-8080-exec-31] org.apache.catalina.core.StandardContext.reload Reloading Context with name [/Library] has started
26-Mar-2026 11:56:35.472 INFO [http-nio-8080-exec-31] org.apache.jasper.servlet.TldScanner.scanJars At least one JAR was scanned for TLDs yet contained no TLDs. Enable debug logging for this logger for a complete list of JARs that were scanned but no TLDs were found in them. Skipping unneeded JARs during scanning can improve startup time and JSP compilation time.
26-Mar-2026 11:56:35.493 INFO [http-nio-8080-exec-31] org.apache.catalina.core.StandardContext.reload Reloading Context with name [/Library] is completed
26-Mar-2026 11:56:45.957 INFO [http-nio-8080-exec-26] util.DBUtil.<clinit> SQL Server JDBC driver loaded successfully
26-Mar-2026 11:56:46.172 INFO [http-nio-8080-exec-26] util.DBUtil.initializeConnectionPool Connection pool initialized with 10 connections
26-Mar-2026 11:56:48.219 INFO [http-nio-8080-exec-37] controller.BookController.handleBookListing Paginated search - page: 1, pageSize: 12, keyword: null, filters applied
26-Mar-2026 11:56:55.456 INFO [http-nio-8080-exec-36] org.apache.catalina.core.StandardContext.reload Reloading Context with name [/Library] has started
26-Mar-2026 11:56:55.457 WARNING [http-nio-8080-exec-36] org.apache.catalina.loader.WebappClassLoaderBase.clearReferencesJdbc The web application [Library] registered the JDBC driver [com.microsoft.sqlserver.jdbc.SQLServerDriver] but failed to unregister it when the web application was stopped. To prevent a memory leak, the JDBC Driver has been forcibly unregistered.
26-Mar-2026 11:56:57.030 INFO [http-nio-8080-exec-36] org.apache.jasper.servlet.TldScanner.scanJars At least one JAR was scanned for TLDs yet contained no TLDs. Enable debug logging for this logger for a complete list of JARs that were scanned but no TLDs were found in them. Skipping unneeded JARs during scanning can improve startup time and JSP compilation time.
26-Mar-2026 11:56:57.053 INFO [http-nio-8080-exec-36] org.apache.catalina.core.StandardContext.reload Reloading Context with name [/Library] is completed
26-Mar-2026 12:38:16.468 INFO [http-nio-8080-exec-43] util.DBUtil.<clinit> SQL Server JDBC driver loaded successfully
26-Mar-2026 12:38:16.694 INFO [http-nio-8080-exec-43] util.DBUtil.initializeConnectionPool Connection pool initialized with 10 connections
26-Mar-2026 12:38:17.937 INFO [http-nio-8080-exec-45] controller.BookController.handleBookListing Paginated search - page: 1, pageSize: 12, keyword: null, filters applied
26-Mar-2026 12:40:32.226 INFO [http-nio-8080-exec-46] org.apache.catalina.core.StandardContext.reload Reloading Context with name [/Library] has started
26-Mar-2026 12:40:32.230 WARNING [http-nio-8080-exec-46] org.apache.catalina.loader.WebappClassLoaderBase.clearReferencesJdbc The web application [Library] registered the JDBC driver [com.microsoft.sqlserver.jdbc.SQLServerDriver] but failed to unregister it when the web application was stopped. To prevent a memory leak, the JDBC Driver has been forcibly unregistered.
26-Mar-2026 12:40:34.376 INFO [http-nio-8080-exec-46] org.apache.jasper.servlet.TldScanner.scanJars At least one JAR was scanned for TLDs yet contained no TLDs. Enable debug logging for this logger for a complete list of JARs that were scanned but no TLDs were found in them. Skipping unneeded JARs during scanning can improve startup time and JSP compilation time.
26-Mar-2026 12:40:34.407 INFO [http-nio-8080-exec-46] org.apache.catalina.core.StandardContext.reload Reloading Context with name [/Library] is completed
26-Mar-2026 12:40:34.741 INFO [http-nio-8080-exec-48] org.apache.catalina.core.StandardContext.reload Reloading Context with name [/Library] has started
26-Mar-2026 12:40:35.817 INFO [http-nio-8080-exec-48] org.apache.jasper.servlet.TldScanner.scanJars At least one JAR was scanned for TLDs yet contained no TLDs. Enable debug logging for this logger for a complete list of JARs that were scanned but no TLDs were found in them. Skipping unneeded JARs during scanning can improve startup time and JSP compilation time.
26-Mar-2026 12:40:35.838 INFO [http-nio-8080-exec-48] org.apache.catalina.core.StandardContext.reload Reloading Context with name [/Library] is completed
26-Mar-2026 12:41:26.195 INFO [http-nio-8080-exec-50] org.apache.catalina.startup.HostConfig.undeploy Undeploying context [/Library]
26-Mar-2026 12:45:09.299 INFO [http-nio-8080-exec-61] org.apache.catalina.startup.HostConfig.deployDescriptor Deploying deployment descriptor [C:\apache-tomcat-10.1.50\conf\Catalina\localhost\Library.xml]
26-Mar-2026 12:45:09.299 WARNING [http-nio-8080-exec-61] org.apache.catalina.startup.HostConfig.deployDescriptor The path attribute with value [/Library] in deployment descriptor [C:\apache-tomcat-10.1.50\conf\Catalina\localhost\Library.xml] has been ignored
26-Mar-2026 12:45:10.355 INFO [http-nio-8080-exec-61] org.apache.jasper.servlet.TldScanner.scanJars At least one JAR was scanned for TLDs yet contained no TLDs. Enable debug logging for this logger for a complete list of JARs that were scanned but no TLDs were found in them. Skipping unneeded JARs during scanning can improve startup time and JSP compilation time.
26-Mar-2026 12:45:10.371 INFO [http-nio-8080-exec-61] org.apache.catalina.startup.HostConfig.deployDescriptor Deployment of deployment descriptor [C:\apache-tomcat-10.1.50\conf\Catalina\localhost\Library.xml] has finished in [1,071] ms
26-Mar-2026 12:45:10.375 INFO [http-nio-8080-exec-63] org.apache.catalina.util.LifecycleBase.start The start() method was called on component [StandardEngine[Catalina].StandardHost[localhost].StandardContext[/Library]] after start() had already been called. The second call will be ignored.
26-Mar-2026 12:45:17.902 INFO [http-nio-8080-exec-56] util.DBUtil.<clinit> SQL Server JDBC driver loaded successfully
26-Mar-2026 12:45:18.130 INFO [http-nio-8080-exec-56] util.DBUtil.initializeConnectionPool Connection pool initialized with 10 connections
26-Mar-2026 12:45:20.955 SEVERE [http-nio-8080-exec-62] controller.ProfileController.handleShowLinkedAccounts Show linked accounts error
	org.apache.jasper.JasperException: org.apache.jasper.JasperException: Unable to compile class for JSP: 

An error occurred at line: [302] in the jsp file: [/jsp/profile/linked-accounts.jsp]
Syntax error, insert "Finally" to complete TryStatement
299: 
300:                                 </div>
301:                     </div>
302:                 <% } %></body>
303: 
304:                 </html>


An error occurred at line: [470] in the generated java file: [C:\apache-tomcat-10.1.50\work\Catalina\localhost\Library\org\apache\jsp\jsp\profile\linked_002daccounts_jsp.java]
Syntax error on token "catch", Identifier expected

An error occurred at line: [472] in the generated java file: [C:\apache-tomcat-10.1.50\work\Catalina\localhost\Library\org\apache\jsp\jsp\profile\linked_002daccounts_jsp.java]
out cannot be resolved to a variable

An error occurred at line: [472] in the generated java file: [C:\apache-tomcat-10.1.50\work\Catalina\localhost\Library\org\apache\jsp\jsp\profile\linked_002daccounts_jsp.java]
_jspx_out cannot be resolved to a variable

An error occurred at line: [473] in the generated java file: [C:\apache-tomcat-10.1.50\work\Catalina\localhost\Library\org\apache\jsp\jsp\profile\linked_002daccounts_jsp.java]
out cannot be resolved to a variable

An error occurred at line: [473] in the generated java file: [C:\apache-tomcat-10.1.50\work\Catalina\localhost\Library\org\apache\jsp\jsp\profile\linked_002daccounts_jsp.java]
out cannot be resolved

An error occurred at line: [475] in the generated java file: [C:\apache-tomcat-10.1.50\work\Catalina\localhost\Library\org\apache\jsp\jsp\profile\linked_002daccounts_jsp.java]
response cannot be resolved

An error occurred at line: [476] in the generated java file: [C:\apache-tomcat-10.1.50\work\Catalina\localhost\Library\org\apache\jsp\jsp\profile\linked_002daccounts_jsp.java]
out cannot be resolved

An error occurred at line: [478] in the generated java file: [C:\apache-tomcat-10.1.50\work\Catalina\localhost\Library\org\apache\jsp\jsp\profile\linked_002daccounts_jsp.java]
out cannot be resolved

An error occurred at line: [481] in the generated java file: [C:\apache-tomcat-10.1.50\work\Catalina\localhost\Library\org\apache\jsp\jsp\profile\linked_002daccounts_jsp.java]
_jspx_page_context cannot be resolved to a variable

An error occurred at line: [481] in the generated java file: [C:\apache-tomcat-10.1.50\work\Catalina\localhost\Library\org\apache\jsp\jsp\profile\linked_002daccounts_jsp.java]
_jspx_page_context cannot be resolved

An error occurred at line: [484] in the generated java file: [C:\apache-tomcat-10.1.50\work\Catalina\localhost\Library\org\apache\jsp\jsp\profile\linked_002daccounts_jsp.java]
Syntax error on token "finally", { expected

An error occurred at line: [485] in the generated java file: [C:\apache-tomcat-10.1.50\work\Catalina\localhost\Library\org\apache\jsp\jsp\profile\linked_002daccounts_jsp.java]
_jspx_page_context cannot be resolved to a variable

Stacktrace:
		at org.apache.jasper.servlet.JspServletWrapper.handleJspException(JspServletWrapper.java:550)
		at org.apache.jasper.servlet.JspServletWrapper.service(JspServletWrapper.java:394)
		at org.apache.jasper.servlet.JspServlet.serviceJspFile(JspServlet.java:350)
		at org.apache.jasper.servlet.JspServlet.service(JspServlet.java:301)
		at jakarta.servlet.http.HttpServlet.service(HttpServlet.java:658)
		at org.apache.catalina.core.ApplicationFilterChain.internalDoFilter(ApplicationFilterChain.java:193)
		at org.apache.catalina.core.ApplicationFilterChain.doFilter(ApplicationFilterChain.java:138)
		at org.apache.tomcat.websocket.server.WsFilter.doFilter(WsFilter.java:51)
		at org.apache.catalina.core.ApplicationFilterChain.internalDoFilter(ApplicationFilterChain.java:162)
		at org.apache.catalina.core.ApplicationFilterChain.doFilter(ApplicationFilterChain.java:138)
		at org.apache.catalina.core.ApplicationDispatcher.invoke(ApplicationDispatcher.java:610)
		at org.apache.catalina.core.ApplicationDispatcher.processRequest(ApplicationDispatcher.java:392)
		at org.apache.catalina.core.ApplicationDispatcher.doForward(ApplicationDispatcher.java:321)
		at org.apache.catalina.core.ApplicationDispatcher.forward(ApplicationDispatcher.java:266)
		at controller.ProfileController.handleShowLinkedAccounts(ProfileController.java:252)
		at controller.ProfileController.doGet(ProfileController.java:52)
		at jakarta.servlet.http.HttpServlet.service(HttpServlet.java:564)
		at jakarta.servlet.http.HttpServlet.service(HttpServlet.java:658)
		at org.apache.catalina.core.ApplicationFilterChain.internalDoFilter(ApplicationFilterChain.java:193)
		at org.apache.catalina.core.ApplicationFilterChain.doFilter(ApplicationFilterChain.java:138)
		at org.apache.tomcat.websocket.server.WsFilter.doFilter(WsFilter.java:51)
		at org.apache.catalina.core.ApplicationFilterChain.internalDoFilter(ApplicationFilterChain.java:162)
		at org.apache.catalina.core.ApplicationFilterChain.doFilter(ApplicationFilterChain.java:138)
		at org.apache.catalina.core.StandardWrapperValve.invoke(StandardWrapperValve.java:165)
		at org.apache.catalina.core.StandardContextValve.invoke(StandardContextValve.java:88)
		at org.apache.catalina.authenticator.AuthenticatorBase.invoke(AuthenticatorBase.java:482)
		at org.apache.catalina.core.StandardHostValve.invoke(StandardHostValve.java:113)
		at org.apache.catalina.valves.ErrorReportValve.invoke(ErrorReportValve.java:83)
		at org.apache.catalina.valves.AbstractAccessLogValve.invoke(AbstractAccessLogValve.java:654)
		at org.apache.catalina.core.StandardEngineValve.invoke(StandardEngineValve.java:72)
		at org.apache.catalina.connector.CoyoteAdapter.service(CoyoteAdapter.java:342)
		at org.apache.coyote.http11.Http11Processor.service(Http11Processor.java:399)
		at org.apache.coyote.AbstractProcessorLight.process(AbstractProcessorLight.java:63)
		at org.apache.coyote.AbstractProtocol$ConnectionHandler.process(AbstractProtocol.java:903)
		at org.apache.tomcat.util.net.NioEndpoint$SocketProcessor.doRun(NioEndpoint.java:1774)
		at org.apache.tomcat.util.net.SocketProcessorBase.run(SocketProcessorBase.java:52)
		at org.apache.tomcat.util.threads.ThreadPoolExecutor.runWorker(ThreadPoolExecutor.java:973)
		at org.apache.tomcat.util.threads.ThreadPoolExecutor$Worker.run(ThreadPoolExecutor.java:491)
		at org.apache.tomcat.util.threads.TaskThread$WrappingRunnable.run(TaskThread.java:63)
		at java.base/java.lang.Thread.run(Thread.java:842)
	Caused by: org.apache.jasper.JasperException: Unable to compile class for JSP: 

An error occurred at line: [302] in the jsp file: [/jsp/profile/linked-accounts.jsp]
Syntax error, insert "Finally" to complete TryStatement
299: 
300:                                 </div>
301:                     </div>
302:                 <% } %></body>
303: 
304:                 </html>


An error occurred at line: [470] in the generated java file: [C:\apache-tomcat-10.1.50\work\Catalina\localhost\Library\org\apache\jsp\jsp\profile\linked_002daccounts_jsp.java]
Syntax error on token "catch", Identifier expected

An error occurred at line: [472] in the generated java file: [C:\apache-tomcat-10.1.50\work\Catalina\localhost\Library\org\apache\jsp\jsp\profile\linked_002daccounts_jsp.java]
out cannot be resolved to a variable

An error occurred at line: [472] in the generated java file: [C:\apache-tomcat-10.1.50\work\Catalina\localhost\Library\org\apache\jsp\jsp\profile\linked_002daccounts_jsp.java]
_jspx_out cannot be resolved to a variable

An error occurred at line: [473] in the generated java file: [C:\apache-tomcat-10.1.50\work\Catalina\localhost\Library\org\apache\jsp\jsp\profile\linked_002daccounts_jsp.java]
out cannot be resolved to a variable

An error occurred at line: [473] in the generated java file: [C:\apache-tomcat-10.1.50\work\Catalina\localhost\Library\org\apache\jsp\jsp\profile\linked_002daccounts_jsp.java]
out cannot be resolved

An error occurred at line: [475] in the generated java file: [C:\apache-tomcat-10.1.50\work\Catalina\localhost\Library\org\apache\jsp\jsp\profile\linked_002daccounts_jsp.java]
response cannot be resolved

An error occurred at line: [476] in the generated java file: [C:\apache-tomcat-10.1.50\work\Catalina\localhost\Library\org\apache\jsp\jsp\profile\linked_002daccounts_jsp.java]
out cannot be resolved

An error occurred at line: [478] in the generated java file: [C:\apache-tomcat-10.1.50\work\Catalina\localhost\Library\org\apache\jsp\jsp\profile\linked_002daccounts_jsp.java]
out cannot be resolved

An error occurred at line: [481] in the generated java file: [C:\apache-tomcat-10.1.50\work\Catalina\localhost\Library\org\apache\jsp\jsp\profile\linked_002daccounts_jsp.java]
_jspx_page_context cannot be resolved to a variable

An error occurred at line: [481] in the generated java file: [C:\apache-tomcat-10.1.50\work\Catalina\localhost\Library\org\apache\jsp\jsp\profile\linked_002daccounts_jsp.java]
_jspx_page_context cannot be resolved

An error occurred at line: [484] in the generated java file: [C:\apache-tomcat-10.1.50\work\Catalina\localhost\Library\org\apache\jsp\jsp\profile\linked_002daccounts_jsp.java]
Syntax error on token "finally", { expected

An error occurred at line: [485] in the generated java file: [C:\apache-tomcat-10.1.50\work\Catalina\localhost\Library\org\apache\jsp\jsp\profile\linked_002daccounts_jsp.java]
_jspx_page_context cannot be resolved to a variable

Stacktrace:
		at org.apache.jasper.compiler.DefaultErrorHandler.javacError(DefaultErrorHandler.java:70)
		at org.apache.jasper.compiler.ErrorDispatcher.javacError(ErrorDispatcher.java:189)
		at org.apache.jasper.compiler.JDTCompiler.generateClass(JDTCompiler.java:553)
		at org.apache.jasper.compiler.Compiler.compile(Compiler.java:367)
		at org.apache.jasper.compiler.Compiler.compile(Compiler.java:339)
		at org.apache.jasper.compiler.Compiler.compile(Compiler.java:325)
		at org.apache.jasper.JspCompilationContext.compile(JspCompilationContext.java:586)
		at org.apache.jasper.servlet.JspServletWrapper.service(JspServletWrapper.java:368)
		... 38 more
26-Mar-2026 12:50:47.515 WARNING [http-nio-8080-exec-62] org.apache.catalina.loader.WebappClassLoaderBase.clearReferencesJdbc The web application [Library] registered the JDBC driver [com.microsoft.sqlserver.jdbc.SQLServerDriver] but failed to unregister it when the web application was stopped. To prevent a memory leak, the JDBC Driver has been forcibly unregistered.
26-Mar-2026 12:50:48.019 INFO [http-nio-8080-exec-62] org.apache.catalina.startup.HostConfig.undeploy Undeploying context [/Library]
26-Mar-2026 12:50:48.031 INFO [http-nio-8080-exec-64] org.apache.catalina.startup.HostConfig.deployDescriptor Deploying deployment descriptor [C:\apache-tomcat-10.1.50\conf\Catalina\localhost\Library.xml]
26-Mar-2026 12:50:48.031 WARNING [http-nio-8080-exec-64] org.apache.catalina.startup.HostConfig.deployDescriptor The path attribute with value [/Library] in deployment descriptor [C:\apache-tomcat-10.1.50\conf\Catalina\localhost\Library.xml] has been ignored
26-Mar-2026 12:50:49.256 INFO [http-nio-8080-exec-64] org.apache.jasper.servlet.TldScanner.scanJars At least one JAR was scanned for TLDs yet contained no TLDs. Enable debug logging for this logger for a complete list of JARs that were scanned but no TLDs were found in them. Skipping unneeded JARs during scanning can improve startup time and JSP compilation time.
26-Mar-2026 12:50:49.272 INFO [http-nio-8080-exec-64] org.apache.catalina.startup.HostConfig.deployDescriptor Deployment of deployment descriptor [C:\apache-tomcat-10.1.50\conf\Catalina\localhost\Library.xml] has finished in [1,241] ms
26-Mar-2026 12:50:51.209 INFO [http-nio-8080-exec-66] org.apache.catalina.startup.HostConfig.undeploy Undeploying context [/Library]
26-Mar-2026 12:50:59.728 INFO [http-nio-8080-exec-58] org.apache.catalina.startup.HostConfig.deployDescriptor Deploying deployment descriptor [C:\apache-tomcat-10.1.50\conf\Catalina\localhost\Library.xml]
26-Mar-2026 12:50:59.729 WARNING [http-nio-8080-exec-58] org.apache.catalina.startup.HostConfig.deployDescriptor The path attribute with value [/Library] in deployment descriptor [C:\apache-tomcat-10.1.50\conf\Catalina\localhost\Library.xml] has been ignored
26-Mar-2026 12:51:00.778 INFO [http-nio-8080-exec-58] org.apache.jasper.servlet.TldScanner.scanJars At least one JAR was scanned for TLDs yet contained no TLDs. Enable debug logging for this logger for a complete list of JARs that were scanned but no TLDs were found in them. Skipping unneeded JARs during scanning can improve startup time and JSP compilation time.
26-Mar-2026 12:51:00.794 INFO [http-nio-8080-exec-58] org.apache.catalina.startup.HostConfig.deployDescriptor Deployment of deployment descriptor [C:\apache-tomcat-10.1.50\conf\Catalina\localhost\Library.xml] has finished in [1,066] ms
26-Mar-2026 12:51:00.798 INFO [http-nio-8080-exec-67] org.apache.catalina.util.LifecycleBase.start The start() method was called on component [StandardEngine[Catalina].StandardHost[localhost].StandardContext[/Library]] after start() had already been called. The second call will be ignored.
26-Mar-2026 12:51:04.468 INFO [http-nio-8080-exec-65] util.DBUtil.<clinit> SQL Server JDBC driver loaded successfully
26-Mar-2026 12:51:04.703 INFO [http-nio-8080-exec-65] util.DBUtil.initializeConnectionPool Connection pool initialized with 10 connections
26-Mar-2026 12:51:20.801 INFO [http-nio-8080-exec-70] util.EmailUtil.sendEmail Email sent to: jackki20009@gmail.com | Subject: [Digital Library] Mã xác nhận đăng nhập
26-Mar-2026 12:51:30.831 INFO [http-nio-8080-exec-71] util.EmailUtil.sendEmail Email sent to: tenmamarvall@gmail.com | Subject: [Digital Library] Mã xác nhận đăng nhập
26-Mar-2026 12:54:28.261 INFO [http-nio-8080-exec-70] org.apache.catalina.core.StandardContext.reload Reloading Context with name [/Library] has started
26-Mar-2026 12:54:28.263 WARNING [http-nio-8080-exec-70] org.apache.catalina.loader.WebappClassLoaderBase.clearReferencesJdbc The web application [Library] registered the JDBC driver [com.microsoft.sqlserver.jdbc.SQLServerDriver] but failed to unregister it when the web application was stopped. To prevent a memory leak, the JDBC Driver has been forcibly unregistered.
26-Mar-2026 12:54:29.430 INFO [http-nio-8080-exec-70] org.apache.jasper.servlet.TldScanner.scanJars At least one JAR was scanned for TLDs yet contained no TLDs. Enable debug logging for this logger for a complete list of JARs that were scanned but no TLDs were found in them. Skipping unneeded JARs during scanning can improve startup time and JSP compilation time.
26-Mar-2026 12:54:29.443 INFO [http-nio-8080-exec-70] org.apache.catalina.core.StandardContext.reload Reloading Context with name [/Library] is completed
26-Mar-2026 12:54:29.903 INFO [http-nio-8080-exec-72] org.apache.catalina.core.StandardContext.reload Reloading Context with name [/Library] has started
26-Mar-2026 12:54:31.007 INFO [http-nio-8080-exec-72] org.apache.jasper.servlet.TldScanner.scanJars At least one JAR was scanned for TLDs yet contained no TLDs. Enable debug logging for this logger for a complete list of JARs that were scanned but no TLDs were found in them. Skipping unneeded JARs during scanning can improve startup time and JSP compilation time.
26-Mar-2026 12:54:31.019 INFO [http-nio-8080-exec-72] org.apache.catalina.core.StandardContext.reload Reloading Context with name [/Library] is completed
26-Mar-2026 12:56:16.420 INFO [http-nio-8080-exec-79] org.apache.catalina.startup.HostConfig.undeploy Undeploying context [/Library]
26-Mar-2026 12:56:24.363 INFO [http-nio-8080-exec-69] org.apache.catalina.startup.HostConfig.deployDescriptor Deploying deployment descriptor [C:\apache-tomcat-10.1.50\conf\Catalina\localhost\Library.xml]
26-Mar-2026 12:56:24.363 WARNING [http-nio-8080-exec-69] org.apache.catalina.startup.HostConfig.deployDescriptor The path attribute with value [/Library] in deployment descriptor [C:\apache-tomcat-10.1.50\conf\Catalina\localhost\Library.xml] has been ignored
26-Mar-2026 12:56:25.345 INFO [http-nio-8080-exec-69] org.apache.jasper.servlet.TldScanner.scanJars At least one JAR was scanned for TLDs yet contained no TLDs. Enable debug logging for this logger for a complete list of JARs that were scanned but no TLDs were found in them. Skipping unneeded JARs during scanning can improve startup time and JSP compilation time.
26-Mar-2026 12:56:25.356 INFO [http-nio-8080-exec-69] org.apache.catalina.startup.HostConfig.deployDescriptor Deployment of deployment descriptor [C:\apache-tomcat-10.1.50\conf\Catalina\localhost\Library.xml] has finished in [993] ms
26-Mar-2026 12:56:25.360 INFO [http-nio-8080-exec-79] org.apache.catalina.util.LifecycleBase.start The start() method was called on component [StandardEngine[Catalina].StandardHost[localhost].StandardContext[/Library]] after start() had already been called. The second call will be ignored.
26-Mar-2026 12:56:38.565 INFO [http-nio-8080-exec-81] util.DBUtil.<clinit> SQL Server JDBC driver loaded successfully
26-Mar-2026 12:56:38.750 INFO [http-nio-8080-exec-81] util.DBUtil.initializeConnectionPool Connection pool initialized with 10 connections
26-Mar-2026 12:56:49.170 INFO [Thread-3] util.EmailUtil.sendEmail Email sent to: tenmamarvall@gmail.com | Subject: [Digital Library] Mã xác nhận đăng nhập
26-Mar-2026 12:58:34.536 INFO [http-nio-8080-exec-88] org.apache.catalina.core.StandardContext.reload Reloading Context with name [/Library] has started
26-Mar-2026 12:58:34.536 WARNING [http-nio-8080-exec-88] org.apache.catalina.loader.WebappClassLoaderBase.clearReferencesJdbc The web application [Library] registered the JDBC driver [com.microsoft.sqlserver.jdbc.SQLServerDriver] but failed to unregister it when the web application was stopped. To prevent a memory leak, the JDBC Driver has been forcibly unregistered.
26-Mar-2026 12:58:35.719 INFO [http-nio-8080-exec-88] org.apache.jasper.servlet.TldScanner.scanJars At least one JAR was scanned for TLDs yet contained no TLDs. Enable debug logging for this logger for a complete list of JARs that were scanned but no TLDs were found in them. Skipping unneeded JARs during scanning can improve startup time and JSP compilation time.
26-Mar-2026 12:58:35.732 INFO [http-nio-8080-exec-88] org.apache.catalina.core.StandardContext.reload Reloading Context with name [/Library] is completed
26-Mar-2026 13:00:15.087 INFO [http-nio-8080-exec-92] util.DBUtil.<clinit> SQL Server JDBC driver loaded successfully
26-Mar-2026 13:00:15.248 INFO [http-nio-8080-exec-92] util.DBUtil.initializeConnectionPool Connection pool initialized with 10 connections
26-Mar-2026 13:00:58.218 INFO [http-nio-8080-exec-99] controller.BookController.handleBookListing Paginated search - page: 1, pageSize: 12, keyword: null, filters applied
26-Mar-2026 13:01:12.746 INFO [http-nio-8080-exec-97] controller.BookController.handleBookListing Paginated search - page: 1, pageSize: 12, keyword: null, filters applied
26-Mar-2026 13:03:56.986 INFO [http-nio-8080-exec-99] org.apache.catalina.core.StandardContext.reload Reloading Context with name [/Library] has started
26-Mar-2026 13:03:56.989 WARNING [http-nio-8080-exec-99] org.apache.catalina.loader.WebappClassLoaderBase.clearReferencesJdbc The web application [Library] registered the JDBC driver [com.microsoft.sqlserver.jdbc.SQLServerDriver] but failed to unregister it when the web application was stopped. To prevent a memory leak, the JDBC Driver has been forcibly unregistered.
26-Mar-2026 13:03:58.022 INFO [http-nio-8080-exec-99] org.apache.jasper.servlet.TldScanner.scanJars At least one JAR was scanned for TLDs yet contained no TLDs. Enable debug logging for this logger for a complete list of JARs that were scanned but no TLDs were found in them. Skipping unneeded JARs during scanning can improve startup time and JSP compilation time.
26-Mar-2026 13:03:58.035 INFO [http-nio-8080-exec-99] org.apache.catalina.core.StandardContext.reload Reloading Context with name [/Library] is completed
26-Mar-2026 13:04:21.176 INFO [http-nio-8080-exec-100] util.DBUtil.<clinit> SQL Server JDBC driver loaded successfully
26-Mar-2026 13:04:21.356 INFO [http-nio-8080-exec-100] util.DBUtil.initializeConnectionPool Connection pool initialized with 10 connections
26-Mar-2026 13:04:38.483 WARNING [http-nio-8080-exec-107] org.apache.catalina.loader.WebappClassLoaderBase.clearReferencesJdbc The web application [Library] registered the JDBC driver [com.microsoft.sqlserver.jdbc.SQLServerDriver] but failed to unregister it when the web application was stopped. To prevent a memory leak, the JDBC Driver has been forcibly unregistered.
26-Mar-2026 13:04:38.986 INFO [http-nio-8080-exec-107] org.apache.catalina.startup.HostConfig.undeploy Undeploying context [/Library]
26-Mar-2026 13:04:45.685 INFO [http-nio-8080-exec-107] org.apache.catalina.startup.HostConfig.deployDescriptor Deploying deployment descriptor [C:\apache-tomcat-10.1.50\conf\Catalina\localhost\Library.xml]
26-Mar-2026 13:04:45.686 WARNING [http-nio-8080-exec-107] org.apache.catalina.startup.HostConfig.deployDescriptor The path attribute with value [/Library] in deployment descriptor [C:\apache-tomcat-10.1.50\conf\Catalina\localhost\Library.xml] has been ignored
26-Mar-2026 13:04:46.769 INFO [http-nio-8080-exec-107] org.apache.jasper.servlet.TldScanner.scanJars At least one JAR was scanned for TLDs yet contained no TLDs. Enable debug logging for this logger for a complete list of JARs that were scanned but no TLDs were found in them. Skipping unneeded JARs during scanning can improve startup time and JSP compilation time.
26-Mar-2026 13:04:46.784 INFO [http-nio-8080-exec-107] org.apache.catalina.startup.HostConfig.deployDescriptor Deployment of deployment descriptor [C:\apache-tomcat-10.1.50\conf\Catalina\localhost\Library.xml] has finished in [1,099] ms
26-Mar-2026 13:04:46.788 INFO [http-nio-8080-exec-109] org.apache.catalina.util.LifecycleBase.start The start() method was called on component [StandardEngine[Catalina].StandardHost[localhost].StandardContext[/Library]] after start() had already been called. The second call will be ignored.
26-Mar-2026 13:04:49.964 INFO [http-nio-8080-exec-105] util.DBUtil.<clinit> SQL Server JDBC driver loaded successfully
26-Mar-2026 13:04:50.125 INFO [http-nio-8080-exec-105] util.DBUtil.initializeConnectionPool Connection pool initialized with 10 connections
26-Mar-2026 13:05:54.876 INFO [main] org.apache.catalina.core.StandardServer.await A valid shutdown command was received via the shutdown port. Stopping the Server instance.
26-Mar-2026 13:05:54.876 INFO [main] org.apache.coyote.AbstractProtocol.pause Pausing ProtocolHandler ["http-nio-8080"]
26-Mar-2026 13:05:55.065 INFO [main] org.apache.catalina.core.StandardService.stopInternal Stopping service [Catalina]
26-Mar-2026 13:05:55.103 WARNING [main] org.apache.catalina.loader.WebappClassLoaderBase.clearReferencesJdbc The web application [Library] registered the JDBC driver [com.microsoft.sqlserver.jdbc.SQLServerDriver] but failed to unregister it when the web application was stopped. To prevent a memory leak, the JDBC Driver has been forcibly unregistered.
26-Mar-2026 13:05:55.105 INFO [main] org.apache.coyote.AbstractProtocol.stop Stopping ProtocolHandler ["http-nio-8080"]
26-Mar-2026 13:05:55.110 INFO [main] org.apache.coyote.AbstractProtocol.destroy Destroying ProtocolHandler ["http-nio-8080"]
26-Mar-2026 13:06:17.636 INFO [main] org.apache.catalina.startup.VersionLoggerListener.log Server version name:   Apache Tomcat/10.1.50
26-Mar-2026 13:06:17.640 INFO [main] org.apache.catalina.startup.VersionLoggerListener.log Server built:          Dec 2 2025 22:57:41 UTC
26-Mar-2026 13:06:17.640 INFO [main] org.apache.catalina.startup.VersionLoggerListener.log Server version number: 10.1.50.0
26-Mar-2026 13:06:17.640 INFO [main] org.apache.catalina.startup.VersionLoggerListener.log OS Name:               Windows 11
26-Mar-2026 13:06:17.640 INFO [main] org.apache.catalina.startup.VersionLoggerListener.log OS Version:            10.0
26-Mar-2026 13:06:17.640 INFO [main] org.apache.catalina.startup.VersionLoggerListener.log Architecture:          amd64
26-Mar-2026 13:06:17.640 INFO [main] org.apache.catalina.startup.VersionLoggerListener.log Java Home:             C:\Program Files\Java\jdk-17
26-Mar-2026 13:06:17.640 INFO [main] org.apache.catalina.startup.VersionLoggerListener.log JVM Version:           17.0.11+7-LTS-207
26-Mar-2026 13:06:17.640 INFO [main] org.apache.catalina.startup.VersionLoggerListener.log JVM Vendor:            Oracle Corporation
26-Mar-2026 13:06:17.640 INFO [main] org.apache.catalina.startup.VersionLoggerListener.log CATALINA_BASE:         C:\apache-tomcat-10.1.50
26-Mar-2026 13:06:17.640 INFO [main] org.apache.catalina.startup.VersionLoggerListener.log CATALINA_HOME:         C:\apache-tomcat-10.1.50
26-Mar-2026 13:06:17.645 INFO [main] org.apache.catalina.startup.VersionLoggerListener.log Command line argument: -Djava.util.logging.config.file=C:\apache-tomcat-10.1.50\conf\logging.properties
26-Mar-2026 13:06:17.645 INFO [main] org.apache.catalina.startup.VersionLoggerListener.log Command line argument: -Djava.util.logging.manager=org.apache.juli.ClassLoaderLogManager
26-Mar-2026 13:06:17.645 INFO [main] org.apache.catalina.startup.VersionLoggerListener.log Command line argument: -Djdk.tls.ephemeralDHKeySize=2048
26-Mar-2026 13:06:17.645 INFO [main] org.apache.catalina.startup.VersionLoggerListener.log Command line argument: -Djava.protocol.handler.pkgs=org.apache.catalina.webresources
26-Mar-2026 13:06:17.645 INFO [main] org.apache.catalina.startup.VersionLoggerListener.log Command line argument: -Dsun.io.useCanonCaches=false
26-Mar-2026 13:06:17.645 INFO [main] org.apache.catalina.startup.VersionLoggerListener.log Command line argument: --add-opens=java.base/java.lang=ALL-UNNAMED
26-Mar-2026 13:06:17.645 INFO [main] org.apache.catalina.startup.VersionLoggerListener.log Command line argument: --add-opens=java.base/java.lang.reflect=ALL-UNNAMED
26-Mar-2026 13:06:17.646 INFO [main] org.apache.catalina.startup.VersionLoggerListener.log Command line argument: --add-opens=java.base/java.io=ALL-UNNAMED
26-Mar-2026 13:06:17.646 INFO [main] org.apache.catalina.startup.VersionLoggerListener.log Command line argument: --add-opens=java.base/java.util=ALL-UNNAMED
26-Mar-2026 13:06:17.646 INFO [main] org.apache.catalina.startup.VersionLoggerListener.log Command line argument: --add-opens=java.base/java.util.concurrent=ALL-UNNAMED
26-Mar-2026 13:06:17.646 INFO [main] org.apache.catalina.startup.VersionLoggerListener.log Command line argument: --add-opens=java.rmi/sun.rmi.transport=ALL-UNNAMED
26-Mar-2026 13:06:17.646 INFO [main] org.apache.catalina.startup.VersionLoggerListener.log Command line argument: -Dcatalina.base=C:\apache-tomcat-10.1.50
26-Mar-2026 13:06:17.646 INFO [main] org.apache.catalina.startup.VersionLoggerListener.log Command line argument: -Dcatalina.home=C:\apache-tomcat-10.1.50
26-Mar-2026 13:06:17.646 INFO [main] org.apache.catalina.startup.VersionLoggerListener.log Command line argument: -Djava.io.tmpdir=C:\apache-tomcat-10.1.50\temp
26-Mar-2026 13:06:17.648 INFO [main] org.apache.catalina.core.AprLifecycleListener.lifecycleEvent Loaded Apache Tomcat Native library [2.0.9] using APR version [1.7.6].
26-Mar-2026 13:06:17.651 INFO [main] org.apache.catalina.core.AprLifecycleListener.initializeSSL OpenSSL successfully initialized [OpenSSL 3.5.0 8 Apr 2025]
26-Mar-2026 13:06:17.802 INFO [main] org.apache.coyote.AbstractProtocol.init Initializing ProtocolHandler ["http-nio-8080"]
26-Mar-2026 13:06:17.828 INFO [main] org.apache.catalina.startup.Catalina.load Server initialization in [317] milliseconds
26-Mar-2026 13:06:17.902 INFO [main] org.apache.catalina.core.StandardService.startInternal Starting service [Catalina]
26-Mar-2026 13:06:17.902 INFO [main] org.apache.catalina.core.StandardEngine.startInternal Starting Servlet engine: [Apache Tomcat/10.1.50]
26-Mar-2026 13:06:17.912 INFO [main] org.apache.catalina.startup.HostConfig.deployDescriptor Deploying deployment descriptor [C:\apache-tomcat-10.1.50\conf\Catalina\localhost\DigitalLibrary.xml]
26-Mar-2026 13:06:17.926 WARNING [main] org.apache.catalina.startup.HostConfig.deployDescriptor The path attribute with value [/DigitalLibrary] in deployment descriptor [C:\apache-tomcat-10.1.50\conf\Catalina\localhost\DigitalLibrary.xml] has been ignored
26-Mar-2026 13:06:18.857 INFO [main] org.apache.jasper.servlet.TldScanner.scanJars At least one JAR was scanned for TLDs yet contained no TLDs. Enable debug logging for this logger for a complete list of JARs that were scanned but no TLDs were found in them. Skipping unneeded JARs during scanning can improve startup time and JSP compilation time.
26-Mar-2026 13:06:18.943 INFO [main] org.apache.catalina.startup.HostConfig.deployDescriptor Deployment of deployment descriptor [C:\apache-tomcat-10.1.50\conf\Catalina\localhost\DigitalLibrary.xml] has finished in [1,030] ms
26-Mar-2026 13:06:18.943 INFO [main] org.apache.catalina.startup.HostConfig.deployDescriptor Deploying deployment descriptor [C:\apache-tomcat-10.1.50\conf\Catalina\localhost\Library.xml]
26-Mar-2026 13:06:18.943 WARNING [main] org.apache.catalina.startup.HostConfig.deployDescriptor The path attribute with value [/Library] in deployment descriptor [C:\apache-tomcat-10.1.50\conf\Catalina\localhost\Library.xml] has been ignored
26-Mar-2026 13:06:20.167 INFO [main] org.apache.jasper.servlet.TldScanner.scanJars At least one JAR was scanned for TLDs yet contained no TLDs. Enable debug logging for this logger for a complete list of JARs that were scanned but no TLDs were found in them. Skipping unneeded JARs during scanning can improve startup time and JSP compilation time.
26-Mar-2026 13:06:20.188 INFO [main] org.apache.catalina.startup.HostConfig.deployDescriptor Deployment of deployment descriptor [C:\apache-tomcat-10.1.50\conf\Catalina\localhost\Library.xml] has finished in [1,244] ms
26-Mar-2026 13:06:20.188 INFO [main] org.apache.catalina.startup.HostConfig.deployDirectory Deploying web application directory [C:\apache-tomcat-10.1.50\webapps\docs]
26-Mar-2026 13:06:20.209 INFO [main] org.apache.catalina.startup.HostConfig.deployDirectory Deployment of web application directory [C:\apache-tomcat-10.1.50\webapps\docs] has finished in [21] ms
26-Mar-2026 13:06:20.210 INFO [main] org.apache.catalina.startup.HostConfig.deployDirectory Deploying web application directory [C:\apache-tomcat-10.1.50\webapps\examples]
26-Mar-2026 13:06:20.429 INFO [main] org.apache.catalina.startup.HostConfig.deployDirectory Deployment of web application directory [C:\apache-tomcat-10.1.50\webapps\examples] has finished in [219] ms
26-Mar-2026 13:06:20.429 INFO [main] org.apache.catalina.startup.HostConfig.deployDirectory Deploying web application directory [C:\apache-tomcat-10.1.50\webapps\host-manager]
26-Mar-2026 13:06:20.454 INFO [main] org.apache.catalina.startup.HostConfig.deployDirectory Deployment of web application directory [C:\apache-tomcat-10.1.50\webapps\host-manager] has finished in [25] ms
26-Mar-2026 13:06:20.454 INFO [main] org.apache.catalina.startup.HostConfig.deployDirectory Deploying web application directory [C:\apache-tomcat-10.1.50\webapps\manager]
26-Mar-2026 13:06:20.473 INFO [main] org.apache.catalina.startup.HostConfig.deployDirectory Deployment of web application directory [C:\apache-tomcat-10.1.50\webapps\manager] has finished in [19] ms
26-Mar-2026 13:06:20.473 INFO [main] org.apache.catalina.startup.HostConfig.deployDirectory Deploying web application directory [C:\apache-tomcat-10.1.50\webapps\ROOT]
26-Mar-2026 13:06:20.485 INFO [main] org.apache.catalina.startup.HostConfig.deployDirectory Deployment of web application directory [C:\apache-tomcat-10.1.50\webapps\ROOT] has finished in [12] ms
26-Mar-2026 13:06:20.489 INFO [main] org.apache.coyote.AbstractProtocol.start Starting ProtocolHandler ["http-nio-8080"]
26-Mar-2026 13:06:20.526 INFO [main] org.apache.catalina.startup.Catalina.start Server startup in [2696] milliseconds
26-Mar-2026 13:06:21.850 INFO [http-nio-8080-exec-7] org.apache.catalina.startup.HostConfig.undeploy Undeploying context [/Library]
26-Mar-2026 13:06:21.863 INFO [http-nio-8080-exec-1] org.apache.catalina.startup.HostConfig.deployDescriptor Deploying deployment descriptor [C:\apache-tomcat-10.1.50\conf\Catalina\localhost\Library.xml]
26-Mar-2026 13:06:21.863 WARNING [http-nio-8080-exec-1] org.apache.catalina.startup.HostConfig.deployDescriptor The path attribute with value [/Library] in deployment descriptor [C:\apache-tomcat-10.1.50\conf\Catalina\localhost\Library.xml] has been ignored
26-Mar-2026 13:06:22.983 INFO [http-nio-8080-exec-1] org.apache.jasper.servlet.TldScanner.scanJars At least one JAR was scanned for TLDs yet contained no TLDs. Enable debug logging for this logger for a complete list of JARs that were scanned but no TLDs were found in them. Skipping unneeded JARs during scanning can improve startup time and JSP compilation time.
26-Mar-2026 13:06:22.999 INFO [http-nio-8080-exec-1] org.apache.catalina.startup.HostConfig.deployDescriptor Deployment of deployment descriptor [C:\apache-tomcat-10.1.50\conf\Catalina\localhost\Library.xml] has finished in [1,136] ms
26-Mar-2026 13:06:23.002 INFO [http-nio-8080-exec-9] org.apache.catalina.util.LifecycleBase.start The start() method was called on component [StandardEngine[Catalina].StandardHost[localhost].StandardContext[/Library]] after start() had already been called. The second call will be ignored.
26-Mar-2026 13:06:26.575 INFO [http-nio-8080-exec-6] util.DBUtil.<clinit> SQL Server JDBC driver loaded successfully
26-Mar-2026 13:06:26.966 INFO [http-nio-8080-exec-6] util.DBUtil.initializeConnectionPool Connection pool initialized with 10 connections
26-Mar-2026 13:13:26.057 WARNING [http-nio-8080-exec-14] org.apache.catalina.loader.WebappClassLoaderBase.clearReferencesJdbc The web application [Library] registered the JDBC driver [com.microsoft.sqlserver.jdbc.SQLServerDriver] but failed to unregister it when the web application was stopped. To prevent a memory leak, the JDBC Driver has been forcibly unregistered.
26-Mar-2026 13:13:26.570 INFO [http-nio-8080-exec-14] org.apache.catalina.startup.HostConfig.undeploy Undeploying context [/Library]
26-Mar-2026 13:13:32.692 INFO [http-nio-8080-exec-19] org.apache.catalina.startup.HostConfig.deployDescriptor Deploying deployment descriptor [C:\apache-tomcat-10.1.50\conf\Catalina\localhost\Library.xml]
26-Mar-2026 13:13:32.693 WARNING [http-nio-8080-exec-19] org.apache.catalina.startup.HostConfig.deployDescriptor The path attribute with value [/Library] in deployment descriptor [C:\apache-tomcat-10.1.50\conf\Catalina\localhost\Library.xml] has been ignored
26-Mar-2026 13:13:33.895 INFO [http-nio-8080-exec-19] org.apache.jasper.servlet.TldScanner.scanJars At least one JAR was scanned for TLDs yet contained no TLDs. Enable debug logging for this logger for a complete list of JARs that were scanned but no TLDs were found in them. Skipping unneeded JARs during scanning can improve startup time and JSP compilation time.
26-Mar-2026 13:13:33.910 INFO [http-nio-8080-exec-19] org.apache.catalina.startup.HostConfig.deployDescriptor Deployment of deployment descriptor [C:\apache-tomcat-10.1.50\conf\Catalina\localhost\Library.xml] has finished in [1,218] ms
26-Mar-2026 13:13:33.913 INFO [http-nio-8080-exec-17] org.apache.catalina.util.LifecycleBase.start The start() method was called on component [StandardEngine[Catalina].StandardHost[localhost].StandardContext[/Library]] after start() had already been called. The second call will be ignored.
26-Mar-2026 13:13:36.605 INFO [http-nio-8080-exec-22] util.DBUtil.<clinit> SQL Server JDBC driver loaded successfully
26-Mar-2026 13:13:36.811 INFO [http-nio-8080-exec-22] util.DBUtil.initializeConnectionPool Connection pool initialized with 10 connections
26-Mar-2026 13:17:55.403 INFO [http-nio-8080-exec-23] org.apache.catalina.core.StandardContext.reload Reloading Context with name [/Library] has started
26-Mar-2026 13:17:55.406 WARNING [http-nio-8080-exec-23] org.apache.catalina.loader.WebappClassLoaderBase.clearReferencesJdbc The web application [Library] registered the JDBC driver [com.microsoft.sqlserver.jdbc.SQLServerDriver] but failed to unregister it when the web application was stopped. To prevent a memory leak, the JDBC Driver has been forcibly unregistered.
26-Mar-2026 13:17:56.571 INFO [http-nio-8080-exec-23] org.apache.jasper.servlet.TldScanner.scanJars At least one JAR was scanned for TLDs yet contained no TLDs. Enable debug logging for this logger for a complete list of JARs that were scanned but no TLDs were found in them. Skipping unneeded JARs during scanning can improve startup time and JSP compilation time.
26-Mar-2026 13:17:56.586 INFO [http-nio-8080-exec-23] org.apache.catalina.core.StandardContext.reload Reloading Context with name [/Library] is completed
26-Mar-2026 13:18:03.832 INFO [http-nio-8080-exec-28] org.apache.catalina.core.StandardContext.reload Reloading Context with name [/Library] has started
26-Mar-2026 13:18:04.953 INFO [http-nio-8080-exec-28] org.apache.jasper.servlet.TldScanner.scanJars At least one JAR was scanned for TLDs yet contained no TLDs. Enable debug logging for this logger for a complete list of JARs that were scanned but no TLDs were found in them. Skipping unneeded JARs during scanning can improve startup time and JSP compilation time.
26-Mar-2026 13:18:04.969 INFO [http-nio-8080-exec-28] org.apache.catalina.core.StandardContext.reload Reloading Context with name [/Library] is completed
26-Mar-2026 13:24:22.109 INFO [Catalina-utility-2] org.apache.catalina.startup.HostConfig.undeploy Undeploying context [/DigitalLibrary]
26-Mar-2026 13:24:22.121 INFO [Catalina-utility-2] org.apache.catalina.startup.HostConfig.deployDescriptor Deploying deployment descriptor [C:\apache-tomcat-10.1.50\conf\Catalina\localhost\DigitalLibrary.xml]
26-Mar-2026 13:24:22.122 WARNING [Catalina-utility-2] org.apache.catalina.startup.HostConfig.deployDescriptor The path attribute with value [/DigitalLibrary] in deployment descriptor [C:\apache-tomcat-10.1.50\conf\Catalina\localhost\DigitalLibrary.xml] has been ignored
26-Mar-2026 13:24:22.129 SEVERE [Catalina-utility-2] org.apache.catalina.startup.HostConfig.deployDescriptor Error deploying deployment descriptor [C:\apache-tomcat-10.1.50\conf\Catalina\localhost\DigitalLibrary.xml]
	java.lang.IllegalStateException: Error starting child
		at org.apache.catalina.core.ContainerBase.addChildInternal(ContainerBase.java:600)
		at org.apache.catalina.core.ContainerBase.addChild(ContainerBase.java:569)
		at org.apache.catalina.core.StandardHost.addChild(StandardHost.java:665)
		at org.apache.catalina.startup.HostConfig.deployDescriptor(HostConfig.java:629)
		at org.apache.catalina.startup.HostConfig$DeployDescriptor.run(HostConfig.java:1878)
		at java.base/java.util.concurrent.Executors$RunnableAdapter.call(Executors.java:539)
		at java.base/java.util.concurrent.FutureTask.run(FutureTask.java:264)
		at org.apache.tomcat.util.threads.InlineExecutorService.execute(InlineExecutorService.java:81)
		at java.base/java.util.concurrent.AbstractExecutorService.submit(AbstractExecutorService.java:123)
		at org.apache.catalina.startup.HostConfig.deployDescriptors(HostConfig.java:524)
		at org.apache.catalina.startup.HostConfig.deployApps(HostConfig.java:415)
		at org.apache.catalina.startup.HostConfig.check(HostConfig.java:1667)
		at org.apache.catalina.startup.HostConfig.lifecycleEvent(HostConfig.java:296)
		at org.apache.catalina.util.LifecycleBase.fireLifecycleEvent(LifecycleBase.java:109)
		at org.apache.catalina.core.ContainerBase.backgroundProcess(ContainerBase.java:971)
		at org.apache.catalina.core.ContainerBase$ContainerBackgroundProcessor.processChildren(ContainerBase.java:1170)
		at org.apache.catalina.core.ContainerBase$ContainerBackgroundProcessor.processChildren(ContainerBase.java:1174)
		at org.apache.catalina.core.ContainerBase$ContainerBackgroundProcessor.run(ContainerBase.java:1152)
		at java.base/java.util.concurrent.Executors$RunnableAdapter.call(Executors.java:539)
		at java.base/java.util.concurrent.FutureTask.runAndReset(FutureTask.java:305)
		at java.base/java.util.concurrent.ScheduledThreadPoolExecutor$ScheduledFutureTask.run(ScheduledThreadPoolExecutor.java:305)
		at java.base/java.util.concurrent.ThreadPoolExecutor.runWorker(ThreadPoolExecutor.java:1136)
		at java.base/java.util.concurrent.ThreadPoolExecutor$Worker.run(ThreadPoolExecutor.java:635)
		at org.apache.tomcat.util.threads.TaskThread$WrappingRunnable.run(TaskThread.java:63)
		at java.base/java.lang.Thread.run(Thread.java:842)
	Caused by: org.apache.catalina.LifecycleException: Failed to start component [org.apache.catalina.webresources.StandardRoot@38246ae9]
		at org.apache.catalina.util.LifecycleBase.handleSubClassException(LifecycleBase.java:404)
		at org.apache.catalina.util.LifecycleBase.start(LifecycleBase.java:179)
		at org.apache.catalina.core.StandardContext.resourcesStart(StandardContext.java:4147)
		at org.apache.catalina.core.StandardContext.startInternal(StandardContext.java:4269)
		at org.apache.catalina.util.LifecycleBase.start(LifecycleBase.java:164)
		at org.apache.catalina.core.ContainerBase.addChildInternal(ContainerBase.java:597)
		... 24 more
	Caused by: java.lang.IllegalArgumentException: The main resource set specified [C:\Users\tenma\Downloads\swp391-gr3-update_login\build\web] is not a directory or war file, or is not readable (it does not exist or permissions to access it are missing)
		at org.apache.catalina.webresources.StandardRoot.createMainResourceSet(StandardRoot.java:758)
		at org.apache.catalina.webresources.StandardRoot.startInternal(StandardRoot.java:715)
		at org.apache.catalina.util.LifecycleBase.start(LifecycleBase.java:164)
		... 28 more
26-Mar-2026 13:24:22.404 INFO [Catalina-utility-2] org.apache.catalina.startup.HostConfig.deployDescriptor Deployment of deployment descriptor [C:\apache-tomcat-10.1.50\conf\Catalina\localhost\DigitalLibrary.xml] has finished in [283] ms
26-Mar-2026 13:28:26.332 INFO [http-nio-8080-exec-35] org.apache.catalina.startup.HostConfig.undeploy Undeploying context [/Library]
26-Mar-2026 13:36:30.847 INFO [http-nio-8080-exec-51] org.apache.catalina.startup.HostConfig.deployDescriptor Deploying deployment descriptor [C:\apache-tomcat-10.1.50\conf\Catalina\localhost\Library.xml]
26-Mar-2026 13:36:30.848 WARNING [http-nio-8080-exec-51] org.apache.catalina.startup.HostConfig.deployDescriptor The path attribute with value [/Library] in deployment descriptor [C:\apache-tomcat-10.1.50\conf\Catalina\localhost\Library.xml] has been ignored
26-Mar-2026 13:36:32.000 INFO [http-nio-8080-exec-51] org.apache.jasper.servlet.TldScanner.scanJars At least one JAR was scanned for TLDs yet contained no TLDs. Enable debug logging for this logger for a complete list of JARs that were scanned but no TLDs were found in them. Skipping unneeded JARs during scanning can improve startup time and JSP compilation time.
26-Mar-2026 13:36:32.016 INFO [http-nio-8080-exec-51] org.apache.catalina.startup.HostConfig.deployDescriptor Deployment of deployment descriptor [C:\apache-tomcat-10.1.50\conf\Catalina\localhost\Library.xml] has finished in [1,169] ms
26-Mar-2026 13:36:32.018 INFO [http-nio-8080-exec-57] org.apache.catalina.util.LifecycleBase.start The start() method was called on component [StandardEngine[Catalina].StandardHost[localhost].StandardContext[/Library]] after start() had already been called. The second call will be ignored.
26-Mar-2026 13:36:34.671 INFO [http-nio-8080-exec-56] util.DBUtil.<clinit> SQL Server JDBC driver loaded successfully
26-Mar-2026 13:36:34.885 INFO [http-nio-8080-exec-56] util.DBUtil.initializeConnectionPool Connection pool initialized with 10 connections
26-Mar-2026 13:53:25.353 INFO [http-nio-8080-exec-50] org.apache.catalina.core.StandardContext.reload Reloading Context with name [/Library] has started
26-Mar-2026 13:53:25.357 WARNING [http-nio-8080-exec-50] org.apache.catalina.loader.WebappClassLoaderBase.clearReferencesJdbc The web application [Library] registered the JDBC driver [com.microsoft.sqlserver.jdbc.SQLServerDriver] but failed to unregister it when the web application was stopped. To prevent a memory leak, the JDBC Driver has been forcibly unregistered.
26-Mar-2026 13:53:26.486 INFO [http-nio-8080-exec-50] org.apache.jasper.servlet.TldScanner.scanJars At least one JAR was scanned for TLDs yet contained no TLDs. Enable debug logging for this logger for a complete list of JARs that were scanned but no TLDs were found in them. Skipping unneeded JARs during scanning can improve startup time and JSP compilation time.
26-Mar-2026 13:53:26.501 INFO [http-nio-8080-exec-50] org.apache.catalina.core.StandardContext.reload Reloading Context with name [/Library] is completed
26-Mar-2026 13:55:22.618 INFO [http-nio-8080-exec-51] org.apache.catalina.core.StandardContext.reload Reloading Context with name [/Library] has started
26-Mar-2026 13:55:23.694 INFO [http-nio-8080-exec-51] org.apache.jasper.servlet.TldScanner.scanJars At least one JAR was scanned for TLDs yet contained no TLDs. Enable debug logging for this logger for a complete list of JARs that were scanned but no TLDs were found in them. Skipping unneeded JARs during scanning can improve startup time and JSP compilation time.
26-Mar-2026 13:55:23.708 INFO [http-nio-8080-exec-51] org.apache.catalina.core.StandardContext.reload Reloading Context with name [/Library] is completed
26-Mar-2026 13:55:35.441 INFO [http-nio-8080-exec-57] org.apache.catalina.core.StandardContext.reload Reloading Context with name [/Library] has started
26-Mar-2026 13:55:36.688 INFO [http-nio-8080-exec-57] org.apache.jasper.servlet.TldScanner.scanJars At least one JAR was scanned for TLDs yet contained no TLDs. Enable debug logging for this logger for a complete list of JARs that were scanned but no TLDs were found in them. Skipping unneeded JARs during scanning can improve startup time and JSP compilation time.
26-Mar-2026 13:55:36.702 INFO [http-nio-8080-exec-57] org.apache.catalina.core.StandardContext.reload Reloading Context with name [/Library] is completed
26-Mar-2026 13:58:11.009 INFO [http-nio-8080-exec-68] org.apache.catalina.startup.HostConfig.undeploy Undeploying context [/Library]
26-Mar-2026 13:58:23.945 INFO [http-nio-8080-exec-64] org.apache.catalina.startup.HostConfig.deployDescriptor Deploying deployment descriptor [C:\apache-tomcat-10.1.50\conf\Catalina\localhost\Library.xml]
26-Mar-2026 13:58:23.946 WARNING [http-nio-8080-exec-64] org.apache.catalina.startup.HostConfig.deployDescriptor The path attribute with value [/Library] in deployment descriptor [C:\apache-tomcat-10.1.50\conf\Catalina\localhost\Library.xml] has been ignored
26-Mar-2026 13:58:25.115 INFO [http-nio-8080-exec-64] org.apache.jasper.servlet.TldScanner.scanJars At least one JAR was scanned for TLDs yet contained no TLDs. Enable debug logging for this logger for a complete list of JARs that were scanned but no TLDs were found in them. Skipping unneeded JARs during scanning can improve startup time and JSP compilation time.
26-Mar-2026 13:58:25.133 INFO [http-nio-8080-exec-64] org.apache.catalina.startup.HostConfig.deployDescriptor Deployment of deployment descriptor [C:\apache-tomcat-10.1.50\conf\Catalina\localhost\Library.xml] has finished in [1,188] ms
26-Mar-2026 13:58:25.135 INFO [http-nio-8080-exec-59] org.apache.catalina.util.LifecycleBase.start The start() method was called on component [StandardEngine[Catalina].StandardHost[localhost].StandardContext[/Library]] after start() had already been called. The second call will be ignored.
26-Mar-2026 13:58:30.483 INFO [http-nio-8080-exec-60] util.DBUtil.<clinit> SQL Server JDBC driver loaded successfully
26-Mar-2026 13:58:30.667 INFO [http-nio-8080-exec-60] util.DBUtil.initializeConnectionPool Connection pool initialized with 10 connections
26-Mar-2026 14:01:35.861 WARNING [http-nio-8080-exec-75] org.apache.catalina.loader.WebappClassLoaderBase.clearReferencesJdbc The web application [Library] registered the JDBC driver [com.microsoft.sqlserver.jdbc.SQLServerDriver] but failed to unregister it when the web application was stopped. To prevent a memory leak, the JDBC Driver has been forcibly unregistered.
26-Mar-2026 14:01:36.377 INFO [http-nio-8080-exec-75] org.apache.catalina.startup.HostConfig.undeploy Undeploying context [/Library]
26-Mar-2026 14:01:43.013 INFO [http-nio-8080-exec-77] org.apache.catalina.startup.HostConfig.deployDescriptor Deploying deployment descriptor [C:\apache-tomcat-10.1.50\conf\Catalina\localhost\Library.xml]
26-Mar-2026 14:01:43.014 WARNING [http-nio-8080-exec-77] org.apache.catalina.startup.HostConfig.deployDescriptor The path attribute with value [/Library] in deployment descriptor [C:\apache-tomcat-10.1.50\conf\Catalina\localhost\Library.xml] has been ignored
26-Mar-2026 14:01:44.391 INFO [http-nio-8080-exec-77] org.apache.jasper.servlet.TldScanner.scanJars At least one JAR was scanned for TLDs yet contained no TLDs. Enable debug logging for this logger for a complete list of JARs that were scanned but no TLDs were found in them. Skipping unneeded JARs during scanning can improve startup time and JSP compilation time.
26-Mar-2026 14:01:44.407 INFO [http-nio-8080-exec-77] org.apache.catalina.startup.HostConfig.deployDescriptor Deployment of deployment descriptor [C:\apache-tomcat-10.1.50\conf\Catalina\localhost\Library.xml] has finished in [1,394] ms
26-Mar-2026 14:01:44.410 INFO [http-nio-8080-exec-70] org.apache.catalina.util.LifecycleBase.start The start() method was called on component [StandardEngine[Catalina].StandardHost[localhost].StandardContext[/Library]] after start() had already been called. The second call will be ignored.
26-Mar-2026 14:01:47.146 INFO [http-nio-8080-exec-79] util.DBUtil.<clinit> SQL Server JDBC driver loaded successfully
26-Mar-2026 14:01:47.319 INFO [http-nio-8080-exec-79] util.DBUtil.initializeConnectionPool Connection pool initialized with 10 connections
26-Mar-2026 14:02:29.690 WARNING [http-nio-8080-exec-81] org.apache.catalina.loader.WebappClassLoaderBase.clearReferencesJdbc The web application [Library] registered the JDBC driver [com.microsoft.sqlserver.jdbc.SQLServerDriver] but failed to unregister it when the web application was stopped. To prevent a memory leak, the JDBC Driver has been forcibly unregistered.
26-Mar-2026 14:02:30.201 INFO [http-nio-8080-exec-81] org.apache.catalina.startup.HostConfig.undeploy Undeploying context [/Library]
26-Mar-2026 14:02:36.288 INFO [http-nio-8080-exec-74] org.apache.catalina.startup.HostConfig.deployDescriptor Deploying deployment descriptor [C:\apache-tomcat-10.1.50\conf\Catalina\localhost\Library.xml]
26-Mar-2026 14:02:36.289 WARNING [http-nio-8080-exec-74] org.apache.catalina.startup.HostConfig.deployDescriptor The path attribute with value [/Library] in deployment descriptor [C:\apache-tomcat-10.1.50\conf\Catalina\localhost\Library.xml] has been ignored
26-Mar-2026 14:02:37.322 INFO [http-nio-8080-exec-74] org.apache.jasper.servlet.TldScanner.scanJars At least one JAR was scanned for TLDs yet contained no TLDs. Enable debug logging for this logger for a complete list of JARs that were scanned but no TLDs were found in them. Skipping unneeded JARs during scanning can improve startup time and JSP compilation time.
26-Mar-2026 14:02:37.338 INFO [http-nio-8080-exec-74] org.apache.catalina.startup.HostConfig.deployDescriptor Deployment of deployment descriptor [C:\apache-tomcat-10.1.50\conf\Catalina\localhost\Library.xml] has finished in [1,050] ms
26-Mar-2026 14:02:37.342 INFO [http-nio-8080-exec-81] org.apache.catalina.util.LifecycleBase.start The start() method was called on component [StandardEngine[Catalina].StandardHost[localhost].StandardContext[/Library]] after start() had already been called. The second call will be ignored.
26-Mar-2026 14:02:43.309 INFO [http-nio-8080-exec-86] util.DBUtil.<clinit> SQL Server JDBC driver loaded successfully
26-Mar-2026 14:02:43.467 INFO [http-nio-8080-exec-86] util.DBUtil.initializeConnectionPool Connection pool initialized with 10 connections
26-Mar-2026 14:05:17.538 INFO [http-nio-8080-exec-91] controller.BookController.handleBookListing Paginated search - page: 1, pageSize: 12, keyword: null, filters applied
26-Mar-2026 14:05:17.952 INFO [http-nio-8080-exec-92] controller.BookController.handleBookListing Paginated search - page: 1, pageSize: 12, keyword: null, filters applied
26-Mar-2026 14:07:38.406 INFO [http-nio-8080-exec-90] org.apache.catalina.core.StandardContext.reload Reloading Context with name [/Library] has started
26-Mar-2026 14:07:38.406 WARNING [http-nio-8080-exec-90] org.apache.catalina.loader.WebappClassLoaderBase.clearReferencesJdbc The web application [Library] registered the JDBC driver [com.microsoft.sqlserver.jdbc.SQLServerDriver] but failed to unregister it when the web application was stopped. To prevent a memory leak, the JDBC Driver has been forcibly unregistered.
26-Mar-2026 14:07:38.535 SEVERE [http-nio-8080-exec-90] org.apache.catalina.core.StandardContext.reload Exception starting Context with name [/Library]
	org.apache.catalina.LifecycleException: Failed to start component [StandardEngine[Catalina].StandardHost[localhost].StandardContext[/Library]]
		at org.apache.catalina.util.LifecycleBase.handleSubClassException(LifecycleBase.java:404)
		at org.apache.catalina.util.LifecycleBase.start(LifecycleBase.java:179)
		at org.apache.catalina.core.StandardContext.reload(StandardContext.java:3250)
		at org.apache.catalina.manager.ManagerServlet.reload(ManagerServlet.java:1032)
		at org.apache.catalina.manager.ManagerServlet.doGet(ManagerServlet.java:314)
		at jakarta.servlet.http.HttpServlet.service(HttpServlet.java:564)
		at jakarta.servlet.http.HttpServlet.service(HttpServlet.java:658)
		at org.apache.catalina.core.ApplicationFilterChain.internalDoFilter(ApplicationFilterChain.java:193)
		at org.apache.catalina.core.ApplicationFilterChain.doFilter(ApplicationFilterChain.java:138)
		at org.apache.tomcat.websocket.server.WsFilter.doFilter(WsFilter.java:51)
		at org.apache.catalina.core.ApplicationFilterChain.internalDoFilter(ApplicationFilterChain.java:162)
		at org.apache.catalina.core.ApplicationFilterChain.doFilter(ApplicationFilterChain.java:138)
		at org.apache.catalina.filters.HttpHeaderSecurityFilter.doFilter(HttpHeaderSecurityFilter.java:129)
		at org.apache.catalina.core.ApplicationFilterChain.internalDoFilter(ApplicationFilterChain.java:162)
		at org.apache.catalina.core.ApplicationFilterChain.doFilter(ApplicationFilterChain.java:138)
		at org.apache.catalina.core.StandardWrapperValve.invoke(StandardWrapperValve.java:165)
		at org.apache.catalina.core.StandardContextValve.invoke(StandardContextValve.java:88)
		at org.apache.catalina.authenticator.AuthenticatorBase.invoke(AuthenticatorBase.java:597)
		at org.apache.catalina.valves.RequestFilterValve.process(RequestFilterValve.java:352)
		at org.apache.catalina.valves.RemoteCIDRValve.invoke(RemoteCIDRValve.java:138)
		at org.apache.catalina.core.StandardHostValve.invoke(StandardHostValve.java:113)
		at org.apache.catalina.valves.ErrorReportValve.invoke(ErrorReportValve.java:83)
		at org.apache.catalina.valves.AbstractAccessLogValve.invoke(AbstractAccessLogValve.java:654)
		at org.apache.catalina.core.StandardEngineValve.invoke(StandardEngineValve.java:72)
		at org.apache.catalina.connector.CoyoteAdapter.service(CoyoteAdapter.java:342)
		at org.apache.coyote.http11.Http11Processor.service(Http11Processor.java:399)
		at org.apache.coyote.AbstractProcessorLight.process(AbstractProcessorLight.java:63)
		at org.apache.coyote.AbstractProtocol$ConnectionHandler.process(AbstractProtocol.java:903)
		at org.apache.tomcat.util.net.NioEndpoint$SocketProcessor.doRun(NioEndpoint.java:1774)
		at org.apache.tomcat.util.net.SocketProcessorBase.run(SocketProcessorBase.java:52)
		at org.apache.tomcat.util.threads.ThreadPoolExecutor.runWorker(ThreadPoolExecutor.java:973)
		at org.apache.tomcat.util.threads.ThreadPoolExecutor$Worker.run(ThreadPoolExecutor.java:491)
		at org.apache.tomcat.util.threads.TaskThread$WrappingRunnable.run(TaskThread.java:63)
		at java.base/java.lang.Thread.run(Thread.java:842)
	Caused by: java.lang.IllegalArgumentException: The servlets named [controller.admin.HomeServlet] and [HomeController] are both mapped to the url-pattern [/home] which is not permitted
		at org.apache.tomcat.util.descriptor.web.WebXml.addServletMappingDecoded(WebXml.java:415)
		at org.apache.tomcat.util.descriptor.web.WebXml.addServletMapping(WebXml.java:406)
		at org.apache.catalina.startup.ContextConfig.processAnnotationWebServlet(ContextConfig.java:2546)
		at org.apache.catalina.startup.ContextConfig.processClass(ContextConfig.java:2252)
		at org.apache.catalina.startup.ContextConfig.processAnnotationsStream(ContextConfig.java:2241)
		at org.apache.catalina.startup.ContextConfig.processAnnotationsWebResource(ContextConfig.java:2152)
		at org.apache.catalina.startup.ContextConfig.processAnnotationsWebResource(ContextConfig.java:2147)
		at org.apache.catalina.startup.ContextConfig.processClasses(ContextConfig.java:1360)
		at org.apache.catalina.startup.ContextConfig.webConfig(ContextConfig.java:1270)
		at org.apache.catalina.startup.ContextConfig.configureStart(ContextConfig.java:971)
		at org.apache.catalina.startup.ContextConfig.lifecycleEvent(ContextConfig.java:288)
		at org.apache.catalina.util.LifecycleBase.fireLifecycleEvent(LifecycleBase.java:109)
		at org.apache.catalina.core.StandardContext.startInternal(StandardContext.java:4368)
		at org.apache.catalina.util.LifecycleBase.start(LifecycleBase.java:164)
		... 32 more
26-Mar-2026 14:07:38.561 INFO [http-nio-8080-exec-90] org.apache.catalina.core.StandardContext.reload Reloading Context with name [/Library] is completed
26-Mar-2026 14:11:25.890 INFO [Catalina-utility-2] org.apache.catalina.startup.HostConfig.reload Reloading context [/Library]
26-Mar-2026 14:11:26.007 SEVERE [Catalina-utility-2] org.apache.catalina.startup.HostConfig.reload Error during context [/Library] restart
	org.apache.catalina.LifecycleException: Failed to start component [StandardEngine[Catalina].StandardHost[localhost].StandardContext[/Library]]
		at org.apache.catalina.util.LifecycleBase.handleSubClassException(LifecycleBase.java:404)
		at org.apache.catalina.util.LifecycleBase.start(LifecycleBase.java:179)
		at org.apache.catalina.startup.HostConfig.reload(HostConfig.java:1462)
		at org.apache.catalina.startup.HostConfig.checkResources(HostConfig.java:1428)
		at org.apache.catalina.startup.HostConfig.check(HostConfig.java:1654)
		at org.apache.catalina.startup.HostConfig.lifecycleEvent(HostConfig.java:296)
		at org.apache.catalina.util.LifecycleBase.fireLifecycleEvent(LifecycleBase.java:109)
		at org.apache.catalina.core.ContainerBase.backgroundProcess(ContainerBase.java:971)
		at org.apache.catalina.core.ContainerBase$ContainerBackgroundProcessor.processChildren(ContainerBase.java:1170)
		at org.apache.catalina.core.ContainerBase$ContainerBackgroundProcessor.processChildren(ContainerBase.java:1174)
		at org.apache.catalina.core.ContainerBase$ContainerBackgroundProcessor.run(ContainerBase.java:1152)
		at java.base/java.util.concurrent.Executors$RunnableAdapter.call(Executors.java:539)
		at java.base/java.util.concurrent.FutureTask.runAndReset(FutureTask.java:305)
		at java.base/java.util.concurrent.ScheduledThreadPoolExecutor$ScheduledFutureTask.run(ScheduledThreadPoolExecutor.java:305)
		at java.base/java.util.concurrent.ThreadPoolExecutor.runWorker(ThreadPoolExecutor.java:1136)
		at java.base/java.util.concurrent.ThreadPoolExecutor$Worker.run(ThreadPoolExecutor.java:635)
		at org.apache.tomcat.util.threads.TaskThread$WrappingRunnable.run(TaskThread.java:63)
		at java.base/java.lang.Thread.run(Thread.java:842)
	Caused by: java.lang.IllegalArgumentException: The servlets named [HomeController] and [controller.admin.HomeServlet] are both mapped to the url-pattern [/home] which is not permitted
		at org.apache.tomcat.util.descriptor.web.WebXml.addServletMappingDecoded(WebXml.java:415)
		at org.apache.tomcat.util.descriptor.web.WebXml.addServletMapping(WebXml.java:406)
		at org.apache.catalina.startup.ContextConfig.processAnnotationWebServlet(ContextConfig.java:2546)
		at org.apache.catalina.startup.ContextConfig.processClass(ContextConfig.java:2252)
		at org.apache.catalina.startup.ContextConfig.processAnnotationsStream(ContextConfig.java:2241)
		at org.apache.catalina.startup.ContextConfig.processAnnotationsWebResource(ContextConfig.java:2152)
		at org.apache.catalina.startup.ContextConfig.processAnnotationsWebResource(ContextConfig.java:2147)
		at org.apache.catalina.startup.ContextConfig.processAnnotationsWebResource(ContextConfig.java:2147)
		at org.apache.catalina.startup.ContextConfig.processClasses(ContextConfig.java:1360)
		at org.apache.catalina.startup.ContextConfig.webConfig(ContextConfig.java:1270)
		at org.apache.catalina.startup.ContextConfig.configureStart(ContextConfig.java:971)
		at org.apache.catalina.startup.ContextConfig.lifecycleEvent(ContextConfig.java:288)
		at org.apache.catalina.util.LifecycleBase.fireLifecycleEvent(LifecycleBase.java:109)
		at org.apache.catalina.core.StandardContext.startInternal(StandardContext.java:4368)
		at org.apache.catalina.util.LifecycleBase.start(LifecycleBase.java:164)
		... 16 more
26-Mar-2026 14:12:17.827 INFO [http-nio-8080-exec-103] org.apache.catalina.startup.HostConfig.undeploy Undeploying context [/Library]
26-Mar-2026 14:12:25.959 INFO [http-nio-8080-exec-96] org.apache.catalina.startup.HostConfig.deployDescriptor Deploying deployment descriptor [C:\apache-tomcat-10.1.50\conf\Catalina\localhost\Library.xml]
26-Mar-2026 14:12:25.959 WARNING [http-nio-8080-exec-96] org.apache.catalina.startup.HostConfig.deployDescriptor The path attribute with value [/Library] in deployment descriptor [C:\apache-tomcat-10.1.50\conf\Catalina\localhost\Library.xml] has been ignored
26-Mar-2026 14:12:26.083 SEVERE [http-nio-8080-exec-96] org.apache.catalina.startup.HostConfig.deployDescriptor Error deploying deployment descriptor [C:\apache-tomcat-10.1.50\conf\Catalina\localhost\Library.xml]
	java.lang.IllegalStateException: Error starting child
		at org.apache.catalina.core.ContainerBase.addChildInternal(ContainerBase.java:600)
		at org.apache.catalina.core.ContainerBase.addChild(ContainerBase.java:569)
		at org.apache.catalina.core.StandardHost.addChild(StandardHost.java:665)
		at org.apache.catalina.startup.HostConfig.deployDescriptor(HostConfig.java:629)
		at org.apache.catalina.startup.HostConfig.deployApps(HostConfig.java:478)
		at org.apache.catalina.startup.HostConfig.check(HostConfig.java:1692)
		at java.base/jdk.internal.reflect.NativeMethodAccessorImpl.invoke0(Native Method)
		at java.base/jdk.internal.reflect.NativeMethodAccessorImpl.invoke(NativeMethodAccessorImpl.java:77)
		at java.base/jdk.internal.reflect.DelegatingMethodAccessorImpl.invoke(DelegatingMethodAccessorImpl.java:43)
		at java.base/java.lang.reflect.Method.invoke(Method.java:568)
		at org.apache.tomcat.util.modeler.BaseModelMBean.invoke(BaseModelMBean.java:249)
		at java.management/com.sun.jmx.interceptor.DefaultMBeanServerInterceptor.invoke(DefaultMBeanServerInterceptor.java:814)
		at java.management/com.sun.jmx.mbeanserver.JmxMBeanServer.invoke(JmxMBeanServer.java:802)
		at org.apache.catalina.manager.ManagerServlet.check(ManagerServlet.java:1448)
		at org.apache.catalina.manager.ManagerServlet.deploy(ManagerServlet.java:942)
		at org.apache.catalina.manager.ManagerServlet.doGet(ManagerServlet.java:305)
		at jakarta.servlet.http.HttpServlet.service(HttpServlet.java:564)
		at jakarta.servlet.http.HttpServlet.service(HttpServlet.java:658)
		at org.apache.catalina.core.ApplicationFilterChain.internalDoFilter(ApplicationFilterChain.java:193)
		at org.apache.catalina.core.ApplicationFilterChain.doFilter(ApplicationFilterChain.java:138)
		at org.apache.tomcat.websocket.server.WsFilter.doFilter(WsFilter.java:51)
		at org.apache.catalina.core.ApplicationFilterChain.internalDoFilter(ApplicationFilterChain.java:162)
		at org.apache.catalina.core.ApplicationFilterChain.doFilter(ApplicationFilterChain.java:138)
		at org.apache.catalina.filters.HttpHeaderSecurityFilter.doFilter(HttpHeaderSecurityFilter.java:129)
		at org.apache.catalina.core.ApplicationFilterChain.internalDoFilter(ApplicationFilterChain.java:162)
		at org.apache.catalina.core.ApplicationFilterChain.doFilter(ApplicationFilterChain.java:138)
		at org.apache.catalina.core.StandardWrapperValve.invoke(StandardWrapperValve.java:165)
		at org.apache.catalina.core.StandardContextValve.invoke(StandardContextValve.java:88)
		at org.apache.catalina.authenticator.AuthenticatorBase.invoke(AuthenticatorBase.java:597)
		at org.apache.catalina.valves.RequestFilterValve.process(RequestFilterValve.java:352)
		at org.apache.catalina.valves.RemoteCIDRValve.invoke(RemoteCIDRValve.java:138)
		at org.apache.catalina.core.StandardHostValve.invoke(StandardHostValve.java:113)
		at org.apache.catalina.valves.ErrorReportValve.invoke(ErrorReportValve.java:83)
		at org.apache.catalina.valves.AbstractAccessLogValve.invoke(AbstractAccessLogValve.java:654)
		at org.apache.catalina.core.StandardEngineValve.invoke(StandardEngineValve.java:72)
		at org.apache.catalina.connector.CoyoteAdapter.service(CoyoteAdapter.java:342)
		at org.apache.coyote.http11.Http11Processor.service(Http11Processor.java:399)
		at org.apache.coyote.AbstractProcessorLight.process(AbstractProcessorLight.java:63)
		at org.apache.coyote.AbstractProtocol$ConnectionHandler.process(AbstractProtocol.java:903)
		at org.apache.tomcat.util.net.NioEndpoint$SocketProcessor.doRun(NioEndpoint.java:1774)
		at org.apache.tomcat.util.net.SocketProcessorBase.run(SocketProcessorBase.java:52)
		at org.apache.tomcat.util.threads.ThreadPoolExecutor.runWorker(ThreadPoolExecutor.java:973)
		at org.apache.tomcat.util.threads.ThreadPoolExecutor$Worker.run(ThreadPoolExecutor.java:491)
		at org.apache.tomcat.util.threads.TaskThread$WrappingRunnable.run(TaskThread.java:63)
		at java.base/java.lang.Thread.run(Thread.java:842)
	Caused by: org.apache.catalina.LifecycleException: Failed to start component [StandardEngine[Catalina].StandardHost[localhost].StandardContext[/Library]]
		at org.apache.catalina.util.LifecycleBase.handleSubClassException(LifecycleBase.java:404)
		at org.apache.catalina.util.LifecycleBase.start(LifecycleBase.java:179)
		at org.apache.catalina.core.ContainerBase.addChildInternal(ContainerBase.java:597)
		... 44 more
	Caused by: java.lang.IllegalArgumentException: The servlets named [HomeController] and [controller.admin.HomeServlet] are both mapped to the url-pattern [/home] which is not permitted
		at org.apache.tomcat.util.descriptor.web.WebXml.addServletMappingDecoded(WebXml.java:415)
		at org.apache.tomcat.util.descriptor.web.WebXml.addServletMapping(WebXml.java:406)
		at org.apache.catalina.startup.ContextConfig.processAnnotationWebServlet(ContextConfig.java:2546)
		at org.apache.catalina.startup.ContextConfig.processClass(ContextConfig.java:2252)
		at org.apache.catalina.startup.ContextConfig.processAnnotationsStream(ContextConfig.java:2241)
		at org.apache.catalina.startup.ContextConfig.processAnnotationsWebResource(ContextConfig.java:2152)
		at org.apache.catalina.startup.ContextConfig.processAnnotationsWebResource(ContextConfig.java:2147)
		at org.apache.catalina.startup.ContextConfig.processAnnotationsWebResource(ContextConfig.java:2147)
		at org.apache.catalina.startup.ContextConfig.processClasses(ContextConfig.java:1360)
		at org.apache.catalina.startup.ContextConfig.webConfig(ContextConfig.java:1270)
		at org.apache.catalina.startup.ContextConfig.configureStart(ContextConfig.java:971)
		at org.apache.catalina.startup.ContextConfig.lifecycleEvent(ContextConfig.java:288)
		at org.apache.catalina.util.LifecycleBase.fireLifecycleEvent(LifecycleBase.java:109)
		at org.apache.catalina.core.StandardContext.startInternal(StandardContext.java:4368)
		at org.apache.catalina.util.LifecycleBase.start(LifecycleBase.java:164)
		... 45 more
26-Mar-2026 14:12:26.114 INFO [http-nio-8080-exec-96] org.apache.catalina.startup.HostConfig.deployDescriptor Deployment of deployment descriptor [C:\apache-tomcat-10.1.50\conf\Catalina\localhost\Library.xml] has finished in [155] ms
26-Mar-2026 14:13:54.573 INFO [http-nio-8080-exec-109] org.apache.catalina.startup.HostConfig.undeploy Undeploying context [/Library]
26-Mar-2026 14:13:54.579 INFO [http-nio-8080-exec-105] org.apache.catalina.startup.HostConfig.deployDescriptor Deploying deployment descriptor [C:\apache-tomcat-10.1.50\conf\Catalina\localhost\Library.xml]
26-Mar-2026 14:13:54.580 WARNING [http-nio-8080-exec-105] org.apache.catalina.startup.HostConfig.deployDescriptor The path attribute with value [/Library] in deployment descriptor [C:\apache-tomcat-10.1.50\conf\Catalina\localhost\Library.xml] has been ignored
26-Mar-2026 14:13:54.714 SEVERE [http-nio-8080-exec-105] org.apache.catalina.startup.HostConfig.deployDescriptor Error deploying deployment descriptor [C:\apache-tomcat-10.1.50\conf\Catalina\localhost\Library.xml]
	java.lang.IllegalStateException: Error starting child
		at org.apache.catalina.core.ContainerBase.addChildInternal(ContainerBase.java:600)
		at org.apache.catalina.core.ContainerBase.addChild(ContainerBase.java:569)
		at org.apache.catalina.core.StandardHost.addChild(StandardHost.java:665)
		at org.apache.catalina.startup.HostConfig.deployDescriptor(HostConfig.java:629)
		at org.apache.catalina.startup.HostConfig.deployApps(HostConfig.java:478)
		at org.apache.catalina.startup.HostConfig.check(HostConfig.java:1692)
		at java.base/jdk.internal.reflect.NativeMethodAccessorImpl.invoke0(Native Method)
		at java.base/jdk.internal.reflect.NativeMethodAccessorImpl.invoke(NativeMethodAccessorImpl.java:77)
		at java.base/jdk.internal.reflect.DelegatingMethodAccessorImpl.invoke(DelegatingMethodAccessorImpl.java:43)
		at java.base/java.lang.reflect.Method.invoke(Method.java:568)
		at org.apache.tomcat.util.modeler.BaseModelMBean.invoke(BaseModelMBean.java:249)
		at java.management/com.sun.jmx.interceptor.DefaultMBeanServerInterceptor.invoke(DefaultMBeanServerInterceptor.java:814)
		at java.management/com.sun.jmx.mbeanserver.JmxMBeanServer.invoke(JmxMBeanServer.java:802)
		at org.apache.catalina.manager.ManagerServlet.check(ManagerServlet.java:1448)
		at org.apache.catalina.manager.ManagerServlet.deploy(ManagerServlet.java:942)
		at org.apache.catalina.manager.ManagerServlet.doGet(ManagerServlet.java:305)
		at jakarta.servlet.http.HttpServlet.service(HttpServlet.java:564)
		at jakarta.servlet.http.HttpServlet.service(HttpServlet.java:658)
		at org.apache.catalina.core.ApplicationFilterChain.internalDoFilter(ApplicationFilterChain.java:193)
		at org.apache.catalina.core.ApplicationFilterChain.doFilter(ApplicationFilterChain.java:138)
		at org.apache.tomcat.websocket.server.WsFilter.doFilter(WsFilter.java:51)
		at org.apache.catalina.core.ApplicationFilterChain.internalDoFilter(ApplicationFilterChain.java:162)
		at org.apache.catalina.core.ApplicationFilterChain.doFilter(ApplicationFilterChain.java:138)
		at org.apache.catalina.filters.HttpHeaderSecurityFilter.doFilter(HttpHeaderSecurityFilter.java:129)
		at org.apache.catalina.core.ApplicationFilterChain.internalDoFilter(ApplicationFilterChain.java:162)
		at org.apache.catalina.core.ApplicationFilterChain.doFilter(ApplicationFilterChain.java:138)
		at org.apache.catalina.core.StandardWrapperValve.invoke(StandardWrapperValve.java:165)
		at org.apache.catalina.core.StandardContextValve.invoke(StandardContextValve.java:88)
		at org.apache.catalina.authenticator.AuthenticatorBase.invoke(AuthenticatorBase.java:597)
		at org.apache.catalina.valves.RequestFilterValve.process(RequestFilterValve.java:352)
		at org.apache.catalina.valves.RemoteCIDRValve.invoke(RemoteCIDRValve.java:138)
		at org.apache.catalina.core.StandardHostValve.invoke(StandardHostValve.java:113)
		at org.apache.catalina.valves.ErrorReportValve.invoke(ErrorReportValve.java:83)
		at org.apache.catalina.valves.AbstractAccessLogValve.invoke(AbstractAccessLogValve.java:654)
		at org.apache.catalina.core.StandardEngineValve.invoke(StandardEngineValve.java:72)
		at org.apache.catalina.connector.CoyoteAdapter.service(CoyoteAdapter.java:342)
		at org.apache.coyote.http11.Http11Processor.service(Http11Processor.java:399)
		at org.apache.coyote.AbstractProcessorLight.process(AbstractProcessorLight.java:63)
		at org.apache.coyote.AbstractProtocol$ConnectionHandler.process(AbstractProtocol.java:903)
		at org.apache.tomcat.util.net.NioEndpoint$SocketProcessor.doRun(NioEndpoint.java:1774)
		at org.apache.tomcat.util.net.SocketProcessorBase.run(SocketProcessorBase.java:52)
		at org.apache.tomcat.util.threads.ThreadPoolExecutor.runWorker(ThreadPoolExecutor.java:973)
		at org.apache.tomcat.util.threads.ThreadPoolExecutor$Worker.run(ThreadPoolExecutor.java:491)
		at org.apache.tomcat.util.threads.TaskThread$WrappingRunnable.run(TaskThread.java:63)
		at java.base/java.lang.Thread.run(Thread.java:842)
	Caused by: org.apache.catalina.LifecycleException: Failed to start component [StandardEngine[Catalina].StandardHost[localhost].StandardContext[/Library]]
		at org.apache.catalina.util.LifecycleBase.handleSubClassException(LifecycleBase.java:404)
		at org.apache.catalina.util.LifecycleBase.start(LifecycleBase.java:179)
		at org.apache.catalina.core.ContainerBase.addChildInternal(ContainerBase.java:597)
		... 44 more
	Caused by: java.lang.IllegalArgumentException: The servlets named [HomeController] and [controller.admin.HomeServlet] are both mapped to the url-pattern [/home] which is not permitted
		at org.apache.tomcat.util.descriptor.web.WebXml.addServletMappingDecoded(WebXml.java:415)
		at org.apache.tomcat.util.descriptor.web.WebXml.addServletMapping(WebXml.java:406)
		at org.apache.catalina.startup.ContextConfig.processAnnotationWebServlet(ContextConfig.java:2546)
		at org.apache.catalina.startup.ContextConfig.processClass(ContextConfig.java:2252)
		at org.apache.catalina.startup.ContextConfig.processAnnotationsStream(ContextConfig.java:2241)
		at org.apache.catalina.startup.ContextConfig.processAnnotationsWebResource(ContextConfig.java:2152)
		at org.apache.catalina.startup.ContextConfig.processAnnotationsWebResource(ContextConfig.java:2147)
		at org.apache.catalina.startup.ContextConfig.processAnnotationsWebResource(ContextConfig.java:2147)
		at org.apache.catalina.startup.ContextConfig.processClasses(ContextConfig.java:1360)
		at org.apache.catalina.startup.ContextConfig.webConfig(ContextConfig.java:1270)
		at org.apache.catalina.startup.ContextConfig.configureStart(ContextConfig.java:971)
		at org.apache.catalina.startup.ContextConfig.lifecycleEvent(ContextConfig.java:288)
		at org.apache.catalina.util.LifecycleBase.fireLifecycleEvent(LifecycleBase.java:109)
		at org.apache.catalina.core.StandardContext.startInternal(StandardContext.java:4368)
		at org.apache.catalina.util.LifecycleBase.start(LifecycleBase.java:164)
		... 45 more
26-Mar-2026 14:13:54.759 INFO [http-nio-8080-exec-105] org.apache.catalina.startup.HostConfig.deployDescriptor Deployment of deployment descriptor [C:\apache-tomcat-10.1.50\conf\Catalina\localhost\Library.xml] has finished in [180] ms
26-Mar-2026 14:14:58.400 INFO [http-nio-8080-exec-105] org.apache.catalina.startup.HostConfig.undeploy Undeploying context [/Library]
26-Mar-2026 14:15:07.084 INFO [http-nio-8080-exec-89] org.apache.catalina.startup.HostConfig.deployDescriptor Deploying deployment descriptor [C:\apache-tomcat-10.1.50\conf\Catalina\localhost\Library.xml]
26-Mar-2026 14:15:07.085 WARNING [http-nio-8080-exec-89] org.apache.catalina.startup.HostConfig.deployDescriptor The path attribute with value [/Library] in deployment descriptor [C:\apache-tomcat-10.1.50\conf\Catalina\localhost\Library.xml] has been ignored
26-Mar-2026 14:15:07.212 SEVERE [http-nio-8080-exec-89] org.apache.catalina.startup.HostConfig.deployDescriptor Error deploying deployment descriptor [C:\apache-tomcat-10.1.50\conf\Catalina\localhost\Library.xml]
	java.lang.IllegalStateException: Error starting child
		at org.apache.catalina.core.ContainerBase.addChildInternal(ContainerBase.java:600)
		at org.apache.catalina.core.ContainerBase.addChild(ContainerBase.java:569)
		at org.apache.catalina.core.StandardHost.addChild(StandardHost.java:665)
		at org.apache.catalina.startup.HostConfig.deployDescriptor(HostConfig.java:629)
		at org.apache.catalina.startup.HostConfig.deployApps(HostConfig.java:478)
		at org.apache.catalina.startup.HostConfig.check(HostConfig.java:1692)
		at jdk.internal.reflect.GeneratedMethodAccessor85.invoke(Unknown Source)
		at java.base/jdk.internal.reflect.DelegatingMethodAccessorImpl.invoke(DelegatingMethodAccessorImpl.java:43)
		at java.base/java.lang.reflect.Method.invoke(Method.java:568)
		at org.apache.tomcat.util.modeler.BaseModelMBean.invoke(BaseModelMBean.java:249)
		at java.management/com.sun.jmx.interceptor.DefaultMBeanServerInterceptor.invoke(DefaultMBeanServerInterceptor.java:814)
		at java.management/com.sun.jmx.mbeanserver.JmxMBeanServer.invoke(JmxMBeanServer.java:802)
		at org.apache.catalina.manager.ManagerServlet.check(ManagerServlet.java:1448)
		at org.apache.catalina.manager.ManagerServlet.deploy(ManagerServlet.java:942)
		at org.apache.catalina.manager.ManagerServlet.doGet(ManagerServlet.java:305)
		at jakarta.servlet.http.HttpServlet.service(HttpServlet.java:564)
		at jakarta.servlet.http.HttpServlet.service(HttpServlet.java:658)
		at org.apache.catalina.core.ApplicationFilterChain.internalDoFilter(ApplicationFilterChain.java:193)
		at org.apache.catalina.core.ApplicationFilterChain.doFilter(ApplicationFilterChain.java:138)
		at org.apache.tomcat.websocket.server.WsFilter.doFilter(WsFilter.java:51)
		at org.apache.catalina.core.ApplicationFilterChain.internalDoFilter(ApplicationFilterChain.java:162)
		at org.apache.catalina.core.ApplicationFilterChain.doFilter(ApplicationFilterChain.java:138)
		at org.apache.catalina.filters.HttpHeaderSecurityFilter.doFilter(HttpHeaderSecurityFilter.java:129)
		at org.apache.catalina.core.ApplicationFilterChain.internalDoFilter(ApplicationFilterChain.java:162)
		at org.apache.catalina.core.ApplicationFilterChain.doFilter(ApplicationFilterChain.java:138)
		at org.apache.catalina.core.StandardWrapperValve.invoke(StandardWrapperValve.java:165)
		at org.apache.catalina.core.StandardContextValve.invoke(StandardContextValve.java:88)
		at org.apache.catalina.authenticator.AuthenticatorBase.invoke(AuthenticatorBase.java:597)
		at org.apache.catalina.valves.RequestFilterValve.process(RequestFilterValve.java:352)
		at org.apache.catalina.valves.RemoteCIDRValve.invoke(RemoteCIDRValve.java:138)
		at org.apache.catalina.core.StandardHostValve.invoke(StandardHostValve.java:113)
		at org.apache.catalina.valves.ErrorReportValve.invoke(ErrorReportValve.java:83)
		at org.apache.catalina.valves.AbstractAccessLogValve.invoke(AbstractAccessLogValve.java:654)
		at org.apache.catalina.core.StandardEngineValve.invoke(StandardEngineValve.java:72)
		at org.apache.catalina.connector.CoyoteAdapter.service(CoyoteAdapter.java:342)
		at org.apache.coyote.http11.Http11Processor.service(Http11Processor.java:399)
		at org.apache.coyote.AbstractProcessorLight.process(AbstractProcessorLight.java:63)
		at org.apache.coyote.AbstractProtocol$ConnectionHandler.process(AbstractProtocol.java:903)
		at org.apache.tomcat.util.net.NioEndpoint$SocketProcessor.doRun(NioEndpoint.java:1774)
		at org.apache.tomcat.util.net.SocketProcessorBase.run(SocketProcessorBase.java:52)
		at org.apache.tomcat.util.threads.ThreadPoolExecutor.runWorker(ThreadPoolExecutor.java:973)
		at org.apache.tomcat.util.threads.ThreadPoolExecutor$Worker.run(ThreadPoolExecutor.java:491)
		at org.apache.tomcat.util.threads.TaskThread$WrappingRunnable.run(TaskThread.java:63)
		at java.base/java.lang.Thread.run(Thread.java:842)
	Caused by: org.apache.catalina.LifecycleException: Failed to start component [StandardEngine[Catalina].StandardHost[localhost].StandardContext[/Library]]
		at org.apache.catalina.util.LifecycleBase.handleSubClassException(LifecycleBase.java:404)
		at org.apache.catalina.util.LifecycleBase.start(LifecycleBase.java:179)
		at org.apache.catalina.core.ContainerBase.addChildInternal(ContainerBase.java:597)
		... 43 more
	Caused by: java.lang.IllegalArgumentException: The servlets named [HomeController] and [controller.admin.HomeServlet] are both mapped to the url-pattern [/home] which is not permitted
		at org.apache.tomcat.util.descriptor.web.WebXml.addServletMappingDecoded(WebXml.java:415)
		at org.apache.tomcat.util.descriptor.web.WebXml.addServletMapping(WebXml.java:406)
		at org.apache.catalina.startup.ContextConfig.processAnnotationWebServlet(ContextConfig.java:2546)
		at org.apache.catalina.startup.ContextConfig.processClass(ContextConfig.java:2252)
		at org.apache.catalina.startup.ContextConfig.processAnnotationsStream(ContextConfig.java:2241)
		at org.apache.catalina.startup.ContextConfig.processAnnotationsWebResource(ContextConfig.java:2152)
		at org.apache.catalina.startup.ContextConfig.processAnnotationsWebResource(ContextConfig.java:2147)
		at org.apache.catalina.startup.ContextConfig.processAnnotationsWebResource(ContextConfig.java:2147)
		at org.apache.catalina.startup.ContextConfig.processClasses(ContextConfig.java:1360)
		at org.apache.catalina.startup.ContextConfig.webConfig(ContextConfig.java:1270)
		at org.apache.catalina.startup.ContextConfig.configureStart(ContextConfig.java:971)
		at org.apache.catalina.startup.ContextConfig.lifecycleEvent(ContextConfig.java:288)
		at org.apache.catalina.util.LifecycleBase.fireLifecycleEvent(LifecycleBase.java:109)
		at org.apache.catalina.core.StandardContext.startInternal(StandardContext.java:4368)
		at org.apache.catalina.util.LifecycleBase.start(LifecycleBase.java:164)
		... 44 more
26-Mar-2026 14:15:07.275 INFO [http-nio-8080-exec-89] org.apache.catalina.startup.HostConfig.deployDescriptor Deployment of deployment descriptor [C:\apache-tomcat-10.1.50\conf\Catalina\localhost\Library.xml] has finished in [191] ms
26-Mar-2026 14:15:26.953 INFO [http-nio-8080-exec-106] org.apache.catalina.startup.HostConfig.undeploy Undeploying context [/Library]
26-Mar-2026 14:15:26.960 INFO [http-nio-8080-exec-89] org.apache.catalina.startup.HostConfig.deployDescriptor Deploying deployment descriptor [C:\apache-tomcat-10.1.50\conf\Catalina\localhost\Library.xml]
26-Mar-2026 14:15:26.961 WARNING [http-nio-8080-exec-89] org.apache.catalina.startup.HostConfig.deployDescriptor The path attribute with value [/Library] in deployment descriptor [C:\apache-tomcat-10.1.50\conf\Catalina\localhost\Library.xml] has been ignored
26-Mar-2026 14:15:27.085 SEVERE [http-nio-8080-exec-89] org.apache.catalina.startup.HostConfig.deployDescriptor Error deploying deployment descriptor [C:\apache-tomcat-10.1.50\conf\Catalina\localhost\Library.xml]
	java.lang.IllegalStateException: Error starting child
		at org.apache.catalina.core.ContainerBase.addChildInternal(ContainerBase.java:600)
		at org.apache.catalina.core.ContainerBase.addChild(ContainerBase.java:569)
		at org.apache.catalina.core.StandardHost.addChild(StandardHost.java:665)
		at org.apache.catalina.startup.HostConfig.deployDescriptor(HostConfig.java:629)
		at org.apache.catalina.startup.HostConfig.deployApps(HostConfig.java:478)
		at org.apache.catalina.startup.HostConfig.check(HostConfig.java:1692)
		at jdk.internal.reflect.GeneratedMethodAccessor85.invoke(Unknown Source)
		at java.base/jdk.internal.reflect.DelegatingMethodAccessorImpl.invoke(DelegatingMethodAccessorImpl.java:43)
		at java.base/java.lang.reflect.Method.invoke(Method.java:568)
		at org.apache.tomcat.util.modeler.BaseModelMBean.invoke(BaseModelMBean.java:249)
		at java.management/com.sun.jmx.interceptor.DefaultMBeanServerInterceptor.invoke(DefaultMBeanServerInterceptor.java:814)
		at java.management/com.sun.jmx.mbeanserver.JmxMBeanServer.invoke(JmxMBeanServer.java:802)
		at org.apache.catalina.manager.ManagerServlet.check(ManagerServlet.java:1448)
		at org.apache.catalina.manager.ManagerServlet.deploy(ManagerServlet.java:942)
		at org.apache.catalina.manager.ManagerServlet.doGet(ManagerServlet.java:305)
		at jakarta.servlet.http.HttpServlet.service(HttpServlet.java:564)
		at jakarta.servlet.http.HttpServlet.service(HttpServlet.java:658)
		at org.apache.catalina.core.ApplicationFilterChain.internalDoFilter(ApplicationFilterChain.java:193)
		at org.apache.catalina.core.ApplicationFilterChain.doFilter(ApplicationFilterChain.java:138)
		at org.apache.tomcat.websocket.server.WsFilter.doFilter(WsFilter.java:51)
		at org.apache.catalina.core.ApplicationFilterChain.internalDoFilter(ApplicationFilterChain.java:162)
		at org.apache.catalina.core.ApplicationFilterChain.doFilter(ApplicationFilterChain.java:138)
		at org.apache.catalina.filters.HttpHeaderSecurityFilter.doFilter(HttpHeaderSecurityFilter.java:129)
		at org.apache.catalina.core.ApplicationFilterChain.internalDoFilter(ApplicationFilterChain.java:162)
		at org.apache.catalina.core.ApplicationFilterChain.doFilter(ApplicationFilterChain.java:138)
		at org.apache.catalina.core.StandardWrapperValve.invoke(StandardWrapperValve.java:165)
		at org.apache.catalina.core.StandardContextValve.invoke(StandardContextValve.java:88)
		at org.apache.catalina.authenticator.AuthenticatorBase.invoke(AuthenticatorBase.java:597)
		at org.apache.catalina.valves.RequestFilterValve.process(RequestFilterValve.java:352)
		at org.apache.catalina.valves.RemoteCIDRValve.invoke(RemoteCIDRValve.java:138)
		at org.apache.catalina.core.StandardHostValve.invoke(StandardHostValve.java:113)
		at org.apache.catalina.valves.ErrorReportValve.invoke(ErrorReportValve.java:83)
		at org.apache.catalina.valves.AbstractAccessLogValve.invoke(AbstractAccessLogValve.java:654)
		at org.apache.catalina.core.StandardEngineValve.invoke(StandardEngineValve.java:72)
		at org.apache.catalina.connector.CoyoteAdapter.service(CoyoteAdapter.java:342)
		at org.apache.coyote.http11.Http11Processor.service(Http11Processor.java:399)
		at org.apache.coyote.AbstractProcessorLight.process(AbstractProcessorLight.java:63)
		at org.apache.coyote.AbstractProtocol$ConnectionHandler.process(AbstractProtocol.java:903)
		at org.apache.tomcat.util.net.NioEndpoint$SocketProcessor.doRun(NioEndpoint.java:1774)
		at org.apache.tomcat.util.net.SocketProcessorBase.run(SocketProcessorBase.java:52)
		at org.apache.tomcat.util.threads.ThreadPoolExecutor.runWorker(ThreadPoolExecutor.java:973)
		at org.apache.tomcat.util.threads.ThreadPoolExecutor$Worker.run(ThreadPoolExecutor.java:491)
		at org.apache.tomcat.util.threads.TaskThread$WrappingRunnable.run(TaskThread.java:63)
		at java.base/java.lang.Thread.run(Thread.java:842)
	Caused by: org.apache.catalina.LifecycleException: Failed to start component [StandardEngine[Catalina].StandardHost[localhost].StandardContext[/Library]]
		at org.apache.catalina.util.LifecycleBase.handleSubClassException(LifecycleBase.java:404)
		at org.apache.catalina.util.LifecycleBase.start(LifecycleBase.java:179)
		at org.apache.catalina.core.ContainerBase.addChildInternal(ContainerBase.java:597)
		... 43 more
	Caused by: java.lang.IllegalArgumentException: The servlets named [HomeController] and [controller.admin.HomeServlet] are both mapped to the url-pattern [/home] which is not permitted
		at org.apache.tomcat.util.descriptor.web.WebXml.addServletMappingDecoded(WebXml.java:415)
		at org.apache.tomcat.util.descriptor.web.WebXml.addServletMapping(WebXml.java:406)
		at org.apache.catalina.startup.ContextConfig.processAnnotationWebServlet(ContextConfig.java:2546)
		at org.apache.catalina.startup.ContextConfig.processClass(ContextConfig.java:2252)
		at org.apache.catalina.startup.ContextConfig.processAnnotationsStream(ContextConfig.java:2241)
		at org.apache.catalina.startup.ContextConfig.processAnnotationsWebResource(ContextConfig.java:2152)
		at org.apache.catalina.startup.ContextConfig.processAnnotationsWebResource(ContextConfig.java:2147)
		at org.apache.catalina.startup.ContextConfig.processAnnotationsWebResource(ContextConfig.java:2147)
		at org.apache.catalina.startup.ContextConfig.processClasses(ContextConfig.java:1360)
		at org.apache.catalina.startup.ContextConfig.webConfig(ContextConfig.java:1270)
		at org.apache.catalina.startup.ContextConfig.configureStart(ContextConfig.java:971)
		at org.apache.catalina.startup.ContextConfig.lifecycleEvent(ContextConfig.java:288)
		at org.apache.catalina.util.LifecycleBase.fireLifecycleEvent(LifecycleBase.java:109)
		at org.apache.catalina.core.StandardContext.startInternal(StandardContext.java:4368)
		at org.apache.catalina.util.LifecycleBase.start(LifecycleBase.java:164)
		... 44 more
26-Mar-2026 14:15:27.091 INFO [http-nio-8080-exec-89] org.apache.catalina.startup.HostConfig.deployDescriptor Deployment of deployment descriptor [C:\apache-tomcat-10.1.50\conf\Catalina\localhost\Library.xml] has finished in [131] ms
26-Mar-2026 14:15:53.796 INFO [http-nio-8080-exec-106] org.apache.catalina.startup.HostConfig.undeploy Undeploying context [/Library]
26-Mar-2026 14:15:53.802 INFO [http-nio-8080-exec-116] org.apache.catalina.startup.HostConfig.deployDescriptor Deploying deployment descriptor [C:\apache-tomcat-10.1.50\conf\Catalina\localhost\Library.xml]
26-Mar-2026 14:15:53.803 WARNING [http-nio-8080-exec-116] org.apache.catalina.startup.HostConfig.deployDescriptor The path attribute with value [/Library] in deployment descriptor [C:\apache-tomcat-10.1.50\conf\Catalina\localhost\Library.xml] has been ignored
26-Mar-2026 14:15:53.919 SEVERE [http-nio-8080-exec-116] org.apache.catalina.startup.HostConfig.deployDescriptor Error deploying deployment descriptor [C:\apache-tomcat-10.1.50\conf\Catalina\localhost\Library.xml]
	java.lang.IllegalStateException: Error starting child
		at org.apache.catalina.core.ContainerBase.addChildInternal(ContainerBase.java:600)
		at org.apache.catalina.core.ContainerBase.addChild(ContainerBase.java:569)
		at org.apache.catalina.core.StandardHost.addChild(StandardHost.java:665)
		at org.apache.catalina.startup.HostConfig.deployDescriptor(HostConfig.java:629)
		at org.apache.catalina.startup.HostConfig.deployApps(HostConfig.java:478)
		at org.apache.catalina.startup.HostConfig.check(HostConfig.java:1692)
		at jdk.internal.reflect.GeneratedMethodAccessor85.invoke(Unknown Source)
		at java.base/jdk.internal.reflect.DelegatingMethodAccessorImpl.invoke(DelegatingMethodAccessorImpl.java:43)
		at java.base/java.lang.reflect.Method.invoke(Method.java:568)
		at org.apache.tomcat.util.modeler.BaseModelMBean.invoke(BaseModelMBean.java:249)
		at java.management/com.sun.jmx.interceptor.DefaultMBeanServerInterceptor.invoke(DefaultMBeanServerInterceptor.java:814)
		at java.management/com.sun.jmx.mbeanserver.JmxMBeanServer.invoke(JmxMBeanServer.java:802)
		at org.apache.catalina.manager.ManagerServlet.check(ManagerServlet.java:1448)
		at org.apache.catalina.manager.ManagerServlet.deploy(ManagerServlet.java:942)
		at org.apache.catalina.manager.ManagerServlet.doGet(ManagerServlet.java:305)
		at jakarta.servlet.http.HttpServlet.service(HttpServlet.java:564)
		at jakarta.servlet.http.HttpServlet.service(HttpServlet.java:658)
		at org.apache.catalina.core.ApplicationFilterChain.internalDoFilter(ApplicationFilterChain.java:193)
		at org.apache.catalina.core.ApplicationFilterChain.doFilter(ApplicationFilterChain.java:138)
		at org.apache.tomcat.websocket.server.WsFilter.doFilter(WsFilter.java:51)
		at org.apache.catalina.core.ApplicationFilterChain.internalDoFilter(ApplicationFilterChain.java:162)
		at org.apache.catalina.core.ApplicationFilterChain.doFilter(ApplicationFilterChain.java:138)
		at org.apache.catalina.filters.HttpHeaderSecurityFilter.doFilter(HttpHeaderSecurityFilter.java:129)
		at org.apache.catalina.core.ApplicationFilterChain.internalDoFilter(ApplicationFilterChain.java:162)
		at org.apache.catalina.core.ApplicationFilterChain.doFilter(ApplicationFilterChain.java:138)
		at org.apache.catalina.core.StandardWrapperValve.invoke(StandardWrapperValve.java:165)
		at org.apache.catalina.core.StandardContextValve.invoke(StandardContextValve.java:88)
		at org.apache.catalina.authenticator.AuthenticatorBase.invoke(AuthenticatorBase.java:597)
		at org.apache.catalina.valves.RequestFilterValve.process(RequestFilterValve.java:352)
		at org.apache.catalina.valves.RemoteCIDRValve.invoke(RemoteCIDRValve.java:138)
		at org.apache.catalina.core.StandardHostValve.invoke(StandardHostValve.java:113)
		at org.apache.catalina.valves.ErrorReportValve.invoke(ErrorReportValve.java:83)
		at org.apache.catalina.valves.AbstractAccessLogValve.invoke(AbstractAccessLogValve.java:654)
		at org.apache.catalina.core.StandardEngineValve.invoke(StandardEngineValve.java:72)
		at org.apache.catalina.connector.CoyoteAdapter.service(CoyoteAdapter.java:342)
		at org.apache.coyote.http11.Http11Processor.service(Http11Processor.java:399)
		at org.apache.coyote.AbstractProcessorLight.process(AbstractProcessorLight.java:63)
		at org.apache.coyote.AbstractProtocol$ConnectionHandler.process(AbstractProtocol.java:903)
		at org.apache.tomcat.util.net.NioEndpoint$SocketProcessor.doRun(NioEndpoint.java:1774)
		at org.apache.tomcat.util.net.SocketProcessorBase.run(SocketProcessorBase.java:52)
		at org.apache.tomcat.util.threads.ThreadPoolExecutor.runWorker(ThreadPoolExecutor.java:973)
		at org.apache.tomcat.util.threads.ThreadPoolExecutor$Worker.run(ThreadPoolExecutor.java:491)
		at org.apache.tomcat.util.threads.TaskThread$WrappingRunnable.run(TaskThread.java:63)
		at java.base/java.lang.Thread.run(Thread.java:842)
	Caused by: org.apache.catalina.LifecycleException: Failed to start component [StandardEngine[Catalina].StandardHost[localhost].StandardContext[/Library]]
		at org.apache.catalina.util.LifecycleBase.handleSubClassException(LifecycleBase.java:404)
		at org.apache.catalina.util.LifecycleBase.start(LifecycleBase.java:179)
		at org.apache.catalina.core.ContainerBase.addChildInternal(ContainerBase.java:597)
		... 43 more
	Caused by: java.lang.IllegalArgumentException: The servlets named [HomeController] and [controller.admin.HomeServlet] are both mapped to the url-pattern [/home] which is not permitted
		at org.apache.tomcat.util.descriptor.web.WebXml.addServletMappingDecoded(WebXml.java:415)
		at org.apache.tomcat.util.descriptor.web.WebXml.addServletMapping(WebXml.java:406)
		at org.apache.catalina.startup.ContextConfig.processAnnotationWebServlet(ContextConfig.java:2546)
		at org.apache.catalina.startup.ContextConfig.processClass(ContextConfig.java:2252)
		at org.apache.catalina.startup.ContextConfig.processAnnotationsStream(ContextConfig.java:2241)
		at org.apache.catalina.startup.ContextConfig.processAnnotationsWebResource(ContextConfig.java:2152)
		at org.apache.catalina.startup.ContextConfig.processAnnotationsWebResource(ContextConfig.java:2147)
		at org.apache.catalina.startup.ContextConfig.processAnnotationsWebResource(ContextConfig.java:2147)
		at org.apache.catalina.startup.ContextConfig.processClasses(ContextConfig.java:1360)
		at org.apache.catalina.startup.ContextConfig.webConfig(ContextConfig.java:1270)
		at org.apache.catalina.startup.ContextConfig.configureStart(ContextConfig.java:971)
		at org.apache.catalina.startup.ContextConfig.lifecycleEvent(ContextConfig.java:288)
		at org.apache.catalina.util.LifecycleBase.fireLifecycleEvent(LifecycleBase.java:109)
		at org.apache.catalina.core.StandardContext.startInternal(StandardContext.java:4368)
		at org.apache.catalina.util.LifecycleBase.start(LifecycleBase.java:164)
		... 44 more
26-Mar-2026 14:15:54.096 INFO [http-nio-8080-exec-116] org.apache.catalina.startup.HostConfig.deployDescriptor Deployment of deployment descriptor [C:\apache-tomcat-10.1.50\conf\Catalina\localhost\Library.xml] has finished in [294] ms
26-Mar-2026 14:16:20.151 INFO [http-nio-8080-exec-116] org.apache.catalina.startup.HostConfig.undeploy Undeploying context [/Library]
26-Mar-2026 14:16:20.157 INFO [http-nio-8080-exec-89] org.apache.catalina.startup.HostConfig.deployDescriptor Deploying deployment descriptor [C:\apache-tomcat-10.1.50\conf\Catalina\localhost\Library.xml]
26-Mar-2026 14:16:20.157 WARNING [http-nio-8080-exec-89] org.apache.catalina.startup.HostConfig.deployDescriptor The path attribute with value [/Library] in deployment descriptor [C:\apache-tomcat-10.1.50\conf\Catalina\localhost\Library.xml] has been ignored
26-Mar-2026 14:16:20.274 SEVERE [http-nio-8080-exec-89] org.apache.catalina.startup.HostConfig.deployDescriptor Error deploying deployment descriptor [C:\apache-tomcat-10.1.50\conf\Catalina\localhost\Library.xml]
	java.lang.IllegalStateException: Error starting child
		at org.apache.catalina.core.ContainerBase.addChildInternal(ContainerBase.java:600)
		at org.apache.catalina.core.ContainerBase.addChild(ContainerBase.java:569)
		at org.apache.catalina.core.StandardHost.addChild(StandardHost.java:665)
		at org.apache.catalina.startup.HostConfig.deployDescriptor(HostConfig.java:629)
		at org.apache.catalina.startup.HostConfig.deployApps(HostConfig.java:478)
		at org.apache.catalina.startup.HostConfig.check(HostConfig.java:1692)
		at jdk.internal.reflect.GeneratedMethodAccessor85.invoke(Unknown Source)
		at java.base/jdk.internal.reflect.DelegatingMethodAccessorImpl.invoke(DelegatingMethodAccessorImpl.java:43)
		at java.base/java.lang.reflect.Method.invoke(Method.java:568)
		at org.apache.tomcat.util.modeler.BaseModelMBean.invoke(BaseModelMBean.java:249)
		at java.management/com.sun.jmx.interceptor.DefaultMBeanServerInterceptor.invoke(DefaultMBeanServerInterceptor.java:814)
		at java.management/com.sun.jmx.mbeanserver.JmxMBeanServer.invoke(JmxMBeanServer.java:802)
		at org.apache.catalina.manager.ManagerServlet.check(ManagerServlet.java:1448)
		at org.apache.catalina.manager.ManagerServlet.deploy(ManagerServlet.java:942)
		at org.apache.catalina.manager.ManagerServlet.doGet(ManagerServlet.java:305)
		at jakarta.servlet.http.HttpServlet.service(HttpServlet.java:564)
		at jakarta.servlet.http.HttpServlet.service(HttpServlet.java:658)
		at org.apache.catalina.core.ApplicationFilterChain.internalDoFilter(ApplicationFilterChain.java:193)
		at org.apache.catalina.core.ApplicationFilterChain.doFilter(ApplicationFilterChain.java:138)
		at org.apache.tomcat.websocket.server.WsFilter.doFilter(WsFilter.java:51)
		at org.apache.catalina.core.ApplicationFilterChain.internalDoFilter(ApplicationFilterChain.java:162)
		at org.apache.catalina.core.ApplicationFilterChain.doFilter(ApplicationFilterChain.java:138)
		at org.apache.catalina.filters.HttpHeaderSecurityFilter.doFilter(HttpHeaderSecurityFilter.java:129)
		at org.apache.catalina.core.ApplicationFilterChain.internalDoFilter(ApplicationFilterChain.java:162)
		at org.apache.catalina.core.ApplicationFilterChain.doFilter(ApplicationFilterChain.java:138)
		at org.apache.catalina.core.StandardWrapperValve.invoke(StandardWrapperValve.java:165)
		at org.apache.catalina.core.StandardContextValve.invoke(StandardContextValve.java:88)
		at org.apache.catalina.authenticator.AuthenticatorBase.invoke(AuthenticatorBase.java:597)
		at org.apache.catalina.valves.RequestFilterValve.process(RequestFilterValve.java:352)
		at org.apache.catalina.valves.RemoteCIDRValve.invoke(RemoteCIDRValve.java:138)
		at org.apache.catalina.core.StandardHostValve.invoke(StandardHostValve.java:113)
		at org.apache.catalina.valves.ErrorReportValve.invoke(ErrorReportValve.java:83)
		at org.apache.catalina.valves.AbstractAccessLogValve.invoke(AbstractAccessLogValve.java:654)
		at org.apache.catalina.core.StandardEngineValve.invoke(StandardEngineValve.java:72)
		at org.apache.catalina.connector.CoyoteAdapter.service(CoyoteAdapter.java:342)
		at org.apache.coyote.http11.Http11Processor.service(Http11Processor.java:399)
		at org.apache.coyote.AbstractProcessorLight.process(AbstractProcessorLight.java:63)
		at org.apache.coyote.AbstractProtocol$ConnectionHandler.process(AbstractProtocol.java:903)
		at org.apache.tomcat.util.net.NioEndpoint$SocketProcessor.doRun(NioEndpoint.java:1774)
		at org.apache.tomcat.util.net.SocketProcessorBase.run(SocketProcessorBase.java:52)
		at org.apache.tomcat.util.threads.ThreadPoolExecutor.runWorker(ThreadPoolExecutor.java:973)
		at org.apache.tomcat.util.threads.ThreadPoolExecutor$Worker.run(ThreadPoolExecutor.java:491)
		at org.apache.tomcat.util.threads.TaskThread$WrappingRunnable.run(TaskThread.java:63)
		at java.base/java.lang.Thread.run(Thread.java:842)
	Caused by: org.apache.catalina.LifecycleException: Failed to start component [StandardEngine[Catalina].StandardHost[localhost].StandardContext[/Library]]
		at org.apache.catalina.util.LifecycleBase.handleSubClassException(LifecycleBase.java:404)
		at org.apache.catalina.util.LifecycleBase.start(LifecycleBase.java:179)
		at org.apache.catalina.core.ContainerBase.addChildInternal(ContainerBase.java:597)
		... 43 more
	Caused by: java.lang.IllegalArgumentException: The servlets named [HomeController] and [controller.admin.HomeServlet] are both mapped to the url-pattern [/home] which is not permitted
		at org.apache.tomcat.util.descriptor.web.WebXml.addServletMappingDecoded(WebXml.java:415)
		at org.apache.tomcat.util.descriptor.web.WebXml.addServletMapping(WebXml.java:406)
		at org.apache.catalina.startup.ContextConfig.processAnnotationWebServlet(ContextConfig.java:2546)
		at org.apache.catalina.startup.ContextConfig.processClass(ContextConfig.java:2252)
		at org.apache.catalina.startup.ContextConfig.processAnnotationsStream(ContextConfig.java:2241)
		at org.apache.catalina.startup.ContextConfig.processAnnotationsWebResource(ContextConfig.java:2152)
		at org.apache.catalina.startup.ContextConfig.processAnnotationsWebResource(ContextConfig.java:2147)
		at org.apache.catalina.startup.ContextConfig.processAnnotationsWebResource(ContextConfig.java:2147)
		at org.apache.catalina.startup.ContextConfig.processClasses(ContextConfig.java:1360)
		at org.apache.catalina.startup.ContextConfig.webConfig(ContextConfig.java:1270)
		at org.apache.catalina.startup.ContextConfig.configureStart(ContextConfig.java:971)
		at org.apache.catalina.startup.ContextConfig.lifecycleEvent(ContextConfig.java:288)
		at org.apache.catalina.util.LifecycleBase.fireLifecycleEvent(LifecycleBase.java:109)
		at org.apache.catalina.core.StandardContext.startInternal(StandardContext.java:4368)
		at org.apache.catalina.util.LifecycleBase.start(LifecycleBase.java:164)
		... 44 more
26-Mar-2026 14:16:20.443 INFO [http-nio-8080-exec-89] org.apache.catalina.startup.HostConfig.deployDescriptor Deployment of deployment descriptor [C:\apache-tomcat-10.1.50\conf\Catalina\localhost\Library.xml] has finished in [286] ms
26-Mar-2026 14:18:27.169 INFO [http-nio-8080-exec-123] org.apache.catalina.startup.HostConfig.undeploy Undeploying context [/Library]
26-Mar-2026 14:18:27.176 INFO [http-nio-8080-exec-118] org.apache.catalina.startup.HostConfig.deployDescriptor Deploying deployment descriptor [C:\apache-tomcat-10.1.50\conf\Catalina\localhost\Library.xml]
26-Mar-2026 14:18:27.177 WARNING [http-nio-8080-exec-118] org.apache.catalina.startup.HostConfig.deployDescriptor The path attribute with value [/Library] in deployment descriptor [C:\apache-tomcat-10.1.50\conf\Catalina\localhost\Library.xml] has been ignored
26-Mar-2026 14:18:28.256 INFO [http-nio-8080-exec-118] org.apache.jasper.servlet.TldScanner.scanJars At least one JAR was scanned for TLDs yet contained no TLDs. Enable debug logging for this logger for a complete list of JARs that were scanned but no TLDs were found in them. Skipping unneeded JARs during scanning can improve startup time and JSP compilation time.
26-Mar-2026 14:18:28.272 INFO [http-nio-8080-exec-118] org.apache.catalina.startup.HostConfig.deployDescriptor Deployment of deployment descriptor [C:\apache-tomcat-10.1.50\conf\Catalina\localhost\Library.xml] has finished in [1,096] ms
26-Mar-2026 14:18:28.274 INFO [http-nio-8080-exec-124] org.apache.catalina.util.LifecycleBase.start The start() method was called on component [StandardEngine[Catalina].StandardHost[localhost].StandardContext[/Library]] after start() had already been called. The second call will be ignored.
26-Mar-2026 14:21:33.653 INFO [http-nio-8080-exec-129] org.apache.catalina.startup.HostConfig.undeploy Undeploying context [/Library]
26-Mar-2026 14:21:40.414 INFO [http-nio-8080-exec-127] org.apache.catalina.startup.HostConfig.deployDescriptor Deploying deployment descriptor [C:\apache-tomcat-10.1.50\conf\Catalina\localhost\Library.xml]
26-Mar-2026 14:21:40.414 WARNING [http-nio-8080-exec-127] org.apache.catalina.startup.HostConfig.deployDescriptor The path attribute with value [/Library] in deployment descriptor [C:\apache-tomcat-10.1.50\conf\Catalina\localhost\Library.xml] has been ignored
26-Mar-2026 14:21:41.435 INFO [http-nio-8080-exec-127] org.apache.jasper.servlet.TldScanner.scanJars At least one JAR was scanned for TLDs yet contained no TLDs. Enable debug logging for this logger for a complete list of JARs that were scanned but no TLDs were found in them. Skipping unneeded JARs during scanning can improve startup time and JSP compilation time.
26-Mar-2026 14:21:41.450 INFO [http-nio-8080-exec-127] org.apache.catalina.startup.HostConfig.deployDescriptor Deployment of deployment descriptor [C:\apache-tomcat-10.1.50\conf\Catalina\localhost\Library.xml] has finished in [1,035] ms
26-Mar-2026 14:21:41.451 INFO [http-nio-8080-exec-129] org.apache.catalina.util.LifecycleBase.start The start() method was called on component [StandardEngine[Catalina].StandardHost[localhost].StandardContext[/Library]] after start() had already been called. The second call will be ignored.
26-Mar-2026 14:23:47.761 INFO [http-nio-8080-exec-138] org.apache.catalina.startup.HostConfig.undeploy Undeploying context [/Library]
26-Mar-2026 14:23:53.067 INFO [http-nio-8080-exec-133] org.apache.catalina.startup.HostConfig.deployDescriptor Deploying deployment descriptor [C:\apache-tomcat-10.1.50\conf\Catalina\localhost\Library.xml]
26-Mar-2026 14:23:53.067 WARNING [http-nio-8080-exec-133] org.apache.catalina.startup.HostConfig.deployDescriptor The path attribute with value [/Library] in deployment descriptor [C:\apache-tomcat-10.1.50\conf\Catalina\localhost\Library.xml] has been ignored
26-Mar-2026 14:23:54.154 INFO [http-nio-8080-exec-133] org.apache.jasper.servlet.TldScanner.scanJars At least one JAR was scanned for TLDs yet contained no TLDs. Enable debug logging for this logger for a complete list of JARs that were scanned but no TLDs were found in them. Skipping unneeded JARs during scanning can improve startup time and JSP compilation time.
26-Mar-2026 14:23:54.168 INFO [http-nio-8080-exec-133] org.apache.catalina.startup.HostConfig.deployDescriptor Deployment of deployment descriptor [C:\apache-tomcat-10.1.50\conf\Catalina\localhost\Library.xml] has finished in [1,102] ms
26-Mar-2026 14:23:54.170 INFO [http-nio-8080-exec-138] org.apache.catalina.util.LifecycleBase.start The start() method was called on component [StandardEngine[Catalina].StandardHost[localhost].StandardContext[/Library]] after start() had already been called. The second call will be ignored.
26-Mar-2026 14:24:18.142 INFO [http-nio-8080-exec-134] org.apache.catalina.startup.HostConfig.undeploy Undeploying context [/Library]
26-Mar-2026 14:24:18.149 INFO [http-nio-8080-exec-141] org.apache.catalina.startup.HostConfig.deployDescriptor Deploying deployment descriptor [C:\apache-tomcat-10.1.50\conf\Catalina\localhost\Library.xml]
26-Mar-2026 14:24:18.149 WARNING [http-nio-8080-exec-141] org.apache.catalina.startup.HostConfig.deployDescriptor The path attribute with value [/Library] in deployment descriptor [C:\apache-tomcat-10.1.50\conf\Catalina\localhost\Library.xml] has been ignored
26-Mar-2026 14:24:19.135 INFO [http-nio-8080-exec-141] org.apache.jasper.servlet.TldScanner.scanJars At least one JAR was scanned for TLDs yet contained no TLDs. Enable debug logging for this logger for a complete list of JARs that were scanned but no TLDs were found in them. Skipping unneeded JARs during scanning can improve startup time and JSP compilation time.
26-Mar-2026 14:24:19.148 INFO [http-nio-8080-exec-141] org.apache.catalina.startup.HostConfig.deployDescriptor Deployment of deployment descriptor [C:\apache-tomcat-10.1.50\conf\Catalina\localhost\Library.xml] has finished in [999] ms
26-Mar-2026 14:24:19.150 INFO [http-nio-8080-exec-138] org.apache.catalina.util.LifecycleBase.start The start() method was called on component [StandardEngine[Catalina].StandardHost[localhost].StandardContext[/Library]] after start() had already been called. The second call will be ignored.
26-Mar-2026 14:24:24.431 INFO [http-nio-8080-exec-144] org.apache.catalina.startup.HostConfig.undeploy Undeploying context [/Library]
26-Mar-2026 14:24:24.439 INFO [http-nio-8080-exec-140] org.apache.catalina.startup.HostConfig.deployDescriptor Deploying deployment descriptor [C:\apache-tomcat-10.1.50\conf\Catalina\localhost\Library.xml]
26-Mar-2026 14:24:24.439 WARNING [http-nio-8080-exec-140] org.apache.catalina.startup.HostConfig.deployDescriptor The path attribute with value [/Library] in deployment descriptor [C:\apache-tomcat-10.1.50\conf\Catalina\localhost\Library.xml] has been ignored
26-Mar-2026 14:24:25.528 INFO [http-nio-8080-exec-140] org.apache.jasper.servlet.TldScanner.scanJars At least one JAR was scanned for TLDs yet contained no TLDs. Enable debug logging for this logger for a complete list of JARs that were scanned but no TLDs were found in them. Skipping unneeded JARs during scanning can improve startup time and JSP compilation time.
26-Mar-2026 14:24:25.541 INFO [http-nio-8080-exec-140] org.apache.catalina.startup.HostConfig.deployDescriptor Deployment of deployment descriptor [C:\apache-tomcat-10.1.50\conf\Catalina\localhost\Library.xml] has finished in [1,102] ms
26-Mar-2026 14:24:25.544 INFO [http-nio-8080-exec-142] org.apache.catalina.util.LifecycleBase.start The start() method was called on component [StandardEngine[Catalina].StandardHost[localhost].StandardContext[/Library]] after start() had already been called. The second call will be ignored.
26-Mar-2026 14:47:37.535 INFO [http-nio-8080-exec-154] org.apache.catalina.startup.HostConfig.undeploy Undeploying context [/Library]
26-Mar-2026 14:47:37.541 INFO [http-nio-8080-exec-153] org.apache.catalina.startup.HostConfig.deployDescriptor Deploying deployment descriptor [C:\apache-tomcat-10.1.50\conf\Catalina\localhost\Library.xml]
26-Mar-2026 14:47:37.541 WARNING [http-nio-8080-exec-153] org.apache.catalina.startup.HostConfig.deployDescriptor The path attribute with value [/Library] in deployment descriptor [C:\apache-tomcat-10.1.50\conf\Catalina\localhost\Library.xml] has been ignored
26-Mar-2026 14:47:38.581 INFO [http-nio-8080-exec-153] org.apache.jasper.servlet.TldScanner.scanJars At least one JAR was scanned for TLDs yet contained no TLDs. Enable debug logging for this logger for a complete list of JARs that were scanned but no TLDs were found in them. Skipping unneeded JARs during scanning can improve startup time and JSP compilation time.
26-Mar-2026 14:47:38.594 INFO [http-nio-8080-exec-153] org.apache.catalina.startup.HostConfig.deployDescriptor Deployment of deployment descriptor [C:\apache-tomcat-10.1.50\conf\Catalina\localhost\Library.xml] has finished in [1,053] ms
26-Mar-2026 14:47:38.596 INFO [http-nio-8080-exec-150] org.apache.catalina.util.LifecycleBase.start The start() method was called on component [StandardEngine[Catalina].StandardHost[localhost].StandardContext[/Library]] after start() had already been called. The second call will be ignored.
26-Mar-2026 14:48:05.717 INFO [http-nio-8080-exec-156] org.apache.catalina.startup.HostConfig.undeploy Undeploying context [/Library]
26-Mar-2026 14:48:05.723 INFO [http-nio-8080-exec-150] org.apache.catalina.startup.HostConfig.deployDescriptor Deploying deployment descriptor [C:\apache-tomcat-10.1.50\conf\Catalina\localhost\Library.xml]
26-Mar-2026 14:48:05.724 WARNING [http-nio-8080-exec-150] org.apache.catalina.startup.HostConfig.deployDescriptor The path attribute with value [/Library] in deployment descriptor [C:\apache-tomcat-10.1.50\conf\Catalina\localhost\Library.xml] has been ignored
26-Mar-2026 14:48:06.756 INFO [http-nio-8080-exec-150] org.apache.jasper.servlet.TldScanner.scanJars At least one JAR was scanned for TLDs yet contained no TLDs. Enable debug logging for this logger for a complete list of JARs that were scanned but no TLDs were found in them. Skipping unneeded JARs during scanning can improve startup time and JSP compilation time.
26-Mar-2026 14:48:06.769 INFO [http-nio-8080-exec-150] org.apache.catalina.startup.HostConfig.deployDescriptor Deployment of deployment descriptor [C:\apache-tomcat-10.1.50\conf\Catalina\localhost\Library.xml] has finished in [1,046] ms
26-Mar-2026 14:48:06.773 INFO [http-nio-8080-exec-158] org.apache.catalina.util.LifecycleBase.start The start() method was called on component [StandardEngine[Catalina].StandardHost[localhost].StandardContext[/Library]] after start() had already been called. The second call will be ignored.
26-Mar-2026 14:57:45.835 INFO [main] org.apache.catalina.core.StandardServer.await A valid shutdown command was received via the shutdown port. Stopping the Server instance.
26-Mar-2026 14:57:45.836 INFO [main] org.apache.coyote.AbstractProtocol.pause Pausing ProtocolHandler ["http-nio-8080"]
26-Mar-2026 14:57:46.021 INFO [main] org.apache.catalina.core.StandardService.stopInternal Stopping service [Catalina]
26-Mar-2026 14:57:46.027 INFO [main] org.apache.coyote.AbstractProtocol.stop Stopping ProtocolHandler ["http-nio-8080"]
26-Mar-2026 14:57:46.033 INFO [main] org.apache.coyote.AbstractProtocol.destroy Destroying ProtocolHandler ["http-nio-8080"]
26-Mar-2026 14:57:48.939 INFO [main] org.apache.catalina.startup.VersionLoggerListener.log Server version name:   Apache Tomcat/10.1.50
26-Mar-2026 14:57:48.943 INFO [main] org.apache.catalina.startup.VersionLoggerListener.log Server built:          Dec 2 2025 22:57:41 UTC
26-Mar-2026 14:57:48.943 INFO [main] org.apache.catalina.startup.VersionLoggerListener.log Server version number: 10.1.50.0
26-Mar-2026 14:57:48.943 INFO [main] org.apache.catalina.startup.VersionLoggerListener.log OS Name:               Windows 11
26-Mar-2026 14:57:48.943 INFO [main] org.apache.catalina.startup.VersionLoggerListener.log OS Version:            10.0
26-Mar-2026 14:57:48.943 INFO [main] org.apache.catalina.startup.VersionLoggerListener.log Architecture:          amd64
26-Mar-2026 14:57:48.944 INFO [main] org.apache.catalina.startup.VersionLoggerListener.log Java Home:             C:\Program Files\Java\jdk-17
26-Mar-2026 14:57:48.944 INFO [main] org.apache.catalina.startup.VersionLoggerListener.log JVM Version:           17.0.11+7-LTS-207
26-Mar-2026 14:57:48.944 INFO [main] org.apache.catalina.startup.VersionLoggerListener.log JVM Vendor:            Oracle Corporation
26-Mar-2026 14:57:48.944 INFO [main] org.apache.catalina.startup.VersionLoggerListener.log CATALINA_BASE:         C:\apache-tomcat-10.1.50
26-Mar-2026 14:57:48.944 INFO [main] org.apache.catalina.startup.VersionLoggerListener.log CATALINA_HOME:         C:\apache-tomcat-10.1.50
26-Mar-2026 14:57:48.948 INFO [main] org.apache.catalina.startup.VersionLoggerListener.log Command line argument: -Djava.util.logging.config.file=C:\apache-tomcat-10.1.50\conf\logging.properties
26-Mar-2026 14:57:48.949 INFO [main] org.apache.catalina.startup.VersionLoggerListener.log Command line argument: -Djava.util.logging.manager=org.apache.juli.ClassLoaderLogManager
26-Mar-2026 14:57:48.949 INFO [main] org.apache.catalina.startup.VersionLoggerListener.log Command line argument: -Djdk.tls.ephemeralDHKeySize=2048
26-Mar-2026 14:57:48.949 INFO [main] org.apache.catalina.startup.VersionLoggerListener.log Command line argument: -Djava.protocol.handler.pkgs=org.apache.catalina.webresources
26-Mar-2026 14:57:48.949 INFO [main] org.apache.catalina.startup.VersionLoggerListener.log Command line argument: -Dsun.io.useCanonCaches=false
26-Mar-2026 14:57:48.949 INFO [main] org.apache.catalina.startup.VersionLoggerListener.log Command line argument: --add-opens=java.base/java.lang=ALL-UNNAMED
26-Mar-2026 14:57:48.949 INFO [main] org.apache.catalina.startup.VersionLoggerListener.log Command line argument: --add-opens=java.base/java.lang.reflect=ALL-UNNAMED
26-Mar-2026 14:57:48.949 INFO [main] org.apache.catalina.startup.VersionLoggerListener.log Command line argument: --add-opens=java.base/java.io=ALL-UNNAMED
26-Mar-2026 14:57:48.949 INFO [main] org.apache.catalina.startup.VersionLoggerListener.log Command line argument: --add-opens=java.base/java.util=ALL-UNNAMED
26-Mar-2026 14:57:48.949 INFO [main] org.apache.catalina.startup.VersionLoggerListener.log Command line argument: --add-opens=java.base/java.util.concurrent=ALL-UNNAMED
26-Mar-2026 14:57:48.949 INFO [main] org.apache.catalina.startup.VersionLoggerListener.log Command line argument: --add-opens=java.rmi/sun.rmi.transport=ALL-UNNAMED
26-Mar-2026 14:57:48.949 INFO [main] org.apache.catalina.startup.VersionLoggerListener.log Command line argument: -Dcatalina.base=C:\apache-tomcat-10.1.50
26-Mar-2026 14:57:48.949 INFO [main] org.apache.catalina.startup.VersionLoggerListener.log Command line argument: -Dcatalina.home=C:\apache-tomcat-10.1.50
26-Mar-2026 14:57:48.949 INFO [main] org.apache.catalina.startup.VersionLoggerListener.log Command line argument: -Djava.io.tmpdir=C:\apache-tomcat-10.1.50\temp
26-Mar-2026 14:57:48.952 INFO [main] org.apache.catalina.core.AprLifecycleListener.lifecycleEvent Loaded Apache Tomcat Native library [2.0.9] using APR version [1.7.6].
26-Mar-2026 14:57:48.955 INFO [main] org.apache.catalina.core.AprLifecycleListener.initializeSSL OpenSSL successfully initialized [OpenSSL 3.5.0 8 Apr 2025]
26-Mar-2026 14:57:49.099 INFO [main] org.apache.coyote.AbstractProtocol.init Initializing ProtocolHandler ["http-nio-8080"]
26-Mar-2026 14:57:49.119 INFO [main] org.apache.catalina.startup.Catalina.load Server initialization in [295] milliseconds
26-Mar-2026 14:57:49.173 INFO [main] org.apache.catalina.core.StandardService.startInternal Starting service [Catalina]
26-Mar-2026 14:57:49.174 INFO [main] org.apache.catalina.core.StandardEngine.startInternal Starting Servlet engine: [Apache Tomcat/10.1.50]
26-Mar-2026 14:57:49.183 INFO [main] org.apache.catalina.startup.HostConfig.deployDescriptor Deploying deployment descriptor [C:\apache-tomcat-10.1.50\conf\Catalina\localhost\DigitalLibrary.xml]
26-Mar-2026 14:57:49.196 WARNING [main] org.apache.catalina.startup.HostConfig.deployDescriptor The path attribute with value [/DigitalLibrary] in deployment descriptor [C:\apache-tomcat-10.1.50\conf\Catalina\localhost\DigitalLibrary.xml] has been ignored
26-Mar-2026 14:57:49.226 SEVERE [main] org.apache.catalina.startup.HostConfig.deployDescriptor Error deploying deployment descriptor [C:\apache-tomcat-10.1.50\conf\Catalina\localhost\DigitalLibrary.xml]
	java.lang.IllegalStateException: Error starting child
		at org.apache.catalina.core.ContainerBase.addChildInternal(ContainerBase.java:600)
		at org.apache.catalina.core.ContainerBase.addChild(ContainerBase.java:569)
		at org.apache.catalina.core.StandardHost.addChild(StandardHost.java:665)
		at org.apache.catalina.startup.HostConfig.deployDescriptor(HostConfig.java:629)
		at org.apache.catalina.startup.HostConfig$DeployDescriptor.run(HostConfig.java:1878)
		at java.base/java.util.concurrent.Executors$RunnableAdapter.call(Executors.java:539)
		at java.base/java.util.concurrent.FutureTask.run(FutureTask.java:264)
		at org.apache.tomcat.util.threads.InlineExecutorService.execute(InlineExecutorService.java:81)
		at java.base/java.util.concurrent.AbstractExecutorService.submit(AbstractExecutorService.java:123)
		at org.apache.catalina.startup.HostConfig.deployDescriptors(HostConfig.java:524)
		at org.apache.catalina.startup.HostConfig.deployApps(HostConfig.java:415)
		at org.apache.catalina.startup.HostConfig.start(HostConfig.java:1618)
		at org.apache.catalina.startup.HostConfig.lifecycleEvent(HostConfig.java:300)
		at org.apache.catalina.util.LifecycleBase.fireLifecycleEvent(LifecycleBase.java:109)
		at org.apache.catalina.util.LifecycleBase.setStateInternal(LifecycleBase.java:389)
		at org.apache.catalina.util.LifecycleBase.setState(LifecycleBase.java:336)
		at org.apache.catalina.core.ContainerBase.startInternal(ContainerBase.java:774)
		at org.apache.catalina.core.StandardHost.startInternal(StandardHost.java:783)
		at org.apache.catalina.util.LifecycleBase.start(LifecycleBase.java:164)
		at org.apache.catalina.core.ContainerBase$StartChild.call(ContainerBase.java:1201)
		at org.apache.catalina.core.ContainerBase$StartChild.call(ContainerBase.java:1191)
		at java.base/java.util.concurrent.FutureTask.run(FutureTask.java:264)
		at org.apache.tomcat.util.threads.InlineExecutorService.execute(InlineExecutorService.java:81)
		at java.base/java.util.concurrent.AbstractExecutorService.submit(AbstractExecutorService.java:145)
		at org.apache.catalina.core.ContainerBase.startInternal(ContainerBase.java:747)
		at org.apache.catalina.core.StandardEngine.startInternal(StandardEngine.java:201)
		at org.apache.catalina.util.LifecycleBase.start(LifecycleBase.java:164)
		at org.apache.catalina.core.StandardService.startInternal(StandardService.java:410)
		at org.apache.catalina.util.LifecycleBase.start(LifecycleBase.java:164)
		at org.apache.catalina.core.StandardServer.startInternal(StandardServer.java:868)
		at org.apache.catalina.util.LifecycleBase.start(LifecycleBase.java:164)
		at org.apache.catalina.startup.Catalina.start(Catalina.java:758)
		at java.base/jdk.internal.reflect.NativeMethodAccessorImpl.invoke0(Native Method)
		at java.base/jdk.internal.reflect.NativeMethodAccessorImpl.invoke(NativeMethodAccessorImpl.java:77)
		at java.base/jdk.internal.reflect.DelegatingMethodAccessorImpl.invoke(DelegatingMethodAccessorImpl.java:43)
		at java.base/java.lang.reflect.Method.invoke(Method.java:568)
		at org.apache.catalina.startup.Bootstrap.start(Bootstrap.java:342)
		at org.apache.catalina.startup.Bootstrap.main(Bootstrap.java:473)
	Caused by: org.apache.catalina.LifecycleException: Failed to start component [org.apache.catalina.webresources.StandardRoot@6d5620ce]
		at org.apache.catalina.util.LifecycleBase.handleSubClassException(LifecycleBase.java:404)
		at org.apache.catalina.util.LifecycleBase.start(LifecycleBase.java:179)
		at org.apache.catalina.core.StandardContext.resourcesStart(StandardContext.java:4147)
		at org.apache.catalina.core.StandardContext.startInternal(StandardContext.java:4269)
		at org.apache.catalina.util.LifecycleBase.start(LifecycleBase.java:164)
		at org.apache.catalina.core.ContainerBase.addChildInternal(ContainerBase.java:597)
		... 37 more
	Caused by: java.lang.IllegalArgumentException: The main resource set specified [C:\Users\tenma\Downloads\swp391-gr3-update_login\build\web] is not a directory or war file, or is not readable (it does not exist or permissions to access it are missing)
		at org.apache.catalina.webresources.StandardRoot.createMainResourceSet(StandardRoot.java:758)
		at org.apache.catalina.webresources.StandardRoot.startInternal(StandardRoot.java:715)
		at org.apache.catalina.util.LifecycleBase.start(LifecycleBase.java:164)
		... 41 more
26-Mar-2026 14:57:49.254 INFO [main] org.apache.catalina.startup.HostConfig.deployDescriptor Deployment of deployment descriptor [C:\apache-tomcat-10.1.50\conf\Catalina\localhost\DigitalLibrary.xml] has finished in [70] ms
26-Mar-2026 14:57:49.254 INFO [main] org.apache.catalina.startup.HostConfig.deployDescriptor Deploying deployment descriptor [C:\apache-tomcat-10.1.50\conf\Catalina\localhost\Library.xml]
26-Mar-2026 14:57:49.255 WARNING [main] org.apache.catalina.startup.HostConfig.deployDescriptor The path attribute with value [/Library] in deployment descriptor [C:\apache-tomcat-10.1.50\conf\Catalina\localhost\Library.xml] has been ignored
26-Mar-2026 14:57:50.884 INFO [main] org.apache.jasper.servlet.TldScanner.scanJars At least one JAR was scanned for TLDs yet contained no TLDs. Enable debug logging for this logger for a complete list of JARs that were scanned but no TLDs were found in them. Skipping unneeded JARs during scanning can improve startup time and JSP compilation time.
26-Mar-2026 14:57:50.998 INFO [main] org.apache.catalina.startup.HostConfig.deployDescriptor Deployment of deployment descriptor [C:\apache-tomcat-10.1.50\conf\Catalina\localhost\Library.xml] has finished in [1,744] ms
26-Mar-2026 14:57:50.999 INFO [main] org.apache.catalina.startup.HostConfig.deployDirectory Deploying web application directory [C:\apache-tomcat-10.1.50\webapps\docs]
26-Mar-2026 14:57:51.019 INFO [main] org.apache.catalina.startup.HostConfig.deployDirectory Deployment of web application directory [C:\apache-tomcat-10.1.50\webapps\docs] has finished in [20] ms
26-Mar-2026 14:57:51.020 INFO [main] org.apache.catalina.startup.HostConfig.deployDirectory Deploying web application directory [C:\apache-tomcat-10.1.50\webapps\examples]
26-Mar-2026 14:57:51.253 INFO [main] org.apache.catalina.startup.HostConfig.deployDirectory Deployment of web application directory [C:\apache-tomcat-10.1.50\webapps\examples] has finished in [234] ms
26-Mar-2026 14:57:51.253 INFO [main] org.apache.catalina.startup.HostConfig.deployDirectory Deploying web application directory [C:\apache-tomcat-10.1.50\webapps\host-manager]
26-Mar-2026 14:57:51.283 INFO [main] org.apache.catalina.startup.HostConfig.deployDirectory Deployment of web application directory [C:\apache-tomcat-10.1.50\webapps\host-manager] has finished in [30] ms
26-Mar-2026 14:57:51.285 INFO [main] org.apache.catalina.startup.HostConfig.deployDirectory Deploying web application directory [C:\apache-tomcat-10.1.50\webapps\manager]
26-Mar-2026 14:57:51.311 INFO [main] org.apache.catalina.startup.HostConfig.deployDirectory Deployment of web application directory [C:\apache-tomcat-10.1.50\webapps\manager] has finished in [26] ms
26-Mar-2026 14:57:51.311 INFO [main] org.apache.catalina.startup.HostConfig.deployDirectory Deploying web application directory [C:\apache-tomcat-10.1.50\webapps\ROOT]
26-Mar-2026 14:57:51.330 INFO [main] org.apache.catalina.startup.HostConfig.deployDirectory Deployment of web application directory [C:\apache-tomcat-10.1.50\webapps\ROOT] has finished in [19] ms
26-Mar-2026 14:57:51.336 INFO [main] org.apache.coyote.AbstractProtocol.start Starting ProtocolHandler ["http-nio-8080"]
26-Mar-2026 14:57:51.376 INFO [main] org.apache.catalina.startup.Catalina.start Server startup in [2256] milliseconds
26-Mar-2026 14:58:46.046 INFO [main] org.apache.catalina.core.StandardServer.await A valid shutdown command was received via the shutdown port. Stopping the Server instance.
26-Mar-2026 14:58:46.046 INFO [main] org.apache.coyote.AbstractProtocol.pause Pausing ProtocolHandler ["http-nio-8080"]
26-Mar-2026 14:58:46.239 INFO [main] org.apache.catalina.core.StandardService.stopInternal Stopping service [Catalina]
26-Mar-2026 14:58:46.258 INFO [main] org.apache.coyote.AbstractProtocol.stop Stopping ProtocolHandler ["http-nio-8080"]
26-Mar-2026 14:58:46.273 INFO [main] org.apache.coyote.AbstractProtocol.destroy Destroying ProtocolHandler ["http-nio-8080"]
26-Mar-2026 14:58:58.190 INFO [main] org.apache.catalina.startup.VersionLoggerListener.log Server version name:   Apache Tomcat/10.1.50
26-Mar-2026 14:58:58.194 INFO [main] org.apache.catalina.startup.VersionLoggerListener.log Server built:          Dec 2 2025 22:57:41 UTC
26-Mar-2026 14:58:58.194 INFO [main] org.apache.catalina.startup.VersionLoggerListener.log Server version number: 10.1.50.0
26-Mar-2026 14:58:58.194 INFO [main] org.apache.catalina.startup.VersionLoggerListener.log OS Name:               Windows 11
26-Mar-2026 14:58:58.194 INFO [main] org.apache.catalina.startup.VersionLoggerListener.log OS Version:            10.0
26-Mar-2026 14:58:58.194 INFO [main] org.apache.catalina.startup.VersionLoggerListener.log Architecture:          amd64
26-Mar-2026 14:58:58.194 INFO [main] org.apache.catalina.startup.VersionLoggerListener.log Java Home:             C:\Program Files\Java\jdk-17
26-Mar-2026 14:58:58.194 INFO [main] org.apache.catalina.startup.VersionLoggerListener.log JVM Version:           17.0.11+7-LTS-207
26-Mar-2026 14:58:58.194 INFO [main] org.apache.catalina.startup.VersionLoggerListener.log JVM Vendor:            Oracle Corporation
26-Mar-2026 14:58:58.195 INFO [main] org.apache.catalina.startup.VersionLoggerListener.log CATALINA_BASE:         C:\apache-tomcat-10.1.50
26-Mar-2026 14:58:58.195 INFO [main] org.apache.catalina.startup.VersionLoggerListener.log CATALINA_HOME:         C:\apache-tomcat-10.1.50
26-Mar-2026 14:58:58.200 INFO [main] org.apache.catalina.startup.VersionLoggerListener.log Command line argument: -Djava.util.logging.config.file=C:\apache-tomcat-10.1.50\conf\logging.properties
26-Mar-2026 14:58:58.200 INFO [main] org.apache.catalina.startup.VersionLoggerListener.log Command line argument: -Djava.util.logging.manager=org.apache.juli.ClassLoaderLogManager
26-Mar-2026 14:58:58.200 INFO [main] org.apache.catalina.startup.VersionLoggerListener.log Command line argument: -Djdk.tls.ephemeralDHKeySize=2048
26-Mar-2026 14:58:58.200 INFO [main] org.apache.catalina.startup.VersionLoggerListener.log Command line argument: -Djava.protocol.handler.pkgs=org.apache.catalina.webresources
26-Mar-2026 14:58:58.200 INFO [main] org.apache.catalina.startup.VersionLoggerListener.log Command line argument: -Dsun.io.useCanonCaches=false
26-Mar-2026 14:58:58.200 INFO [main] org.apache.catalina.startup.VersionLoggerListener.log Command line argument: --add-opens=java.base/java.lang=ALL-UNNAMED
26-Mar-2026 14:58:58.200 INFO [main] org.apache.catalina.startup.VersionLoggerListener.log Command line argument: --add-opens=java.base/java.lang.reflect=ALL-UNNAMED
26-Mar-2026 14:58:58.201 INFO [main] org.apache.catalina.startup.VersionLoggerListener.log Command line argument: --add-opens=java.base/java.io=ALL-UNNAMED
26-Mar-2026 14:58:58.201 INFO [main] org.apache.catalina.startup.VersionLoggerListener.log Command line argument: --add-opens=java.base/java.util=ALL-UNNAMED
26-Mar-2026 14:58:58.201 INFO [main] org.apache.catalina.startup.VersionLoggerListener.log Command line argument: --add-opens=java.base/java.util.concurrent=ALL-UNNAMED
26-Mar-2026 14:58:58.201 INFO [main] org.apache.catalina.startup.VersionLoggerListener.log Command line argument: --add-opens=java.rmi/sun.rmi.transport=ALL-UNNAMED
26-Mar-2026 14:58:58.201 INFO [main] org.apache.catalina.startup.VersionLoggerListener.log Command line argument: -Dcatalina.base=C:\apache-tomcat-10.1.50
26-Mar-2026 14:58:58.201 INFO [main] org.apache.catalina.startup.VersionLoggerListener.log Command line argument: -Dcatalina.home=C:\apache-tomcat-10.1.50
26-Mar-2026 14:58:58.201 INFO [main] org.apache.catalina.startup.VersionLoggerListener.log Command line argument: -Djava.io.tmpdir=C:\apache-tomcat-10.1.50\temp
26-Mar-2026 14:58:58.203 INFO [main] org.apache.catalina.core.AprLifecycleListener.lifecycleEvent Loaded Apache Tomcat Native library [2.0.9] using APR version [1.7.6].
26-Mar-2026 14:58:58.205 INFO [main] org.apache.catalina.core.AprLifecycleListener.initializeSSL OpenSSL successfully initialized [OpenSSL 3.5.0 8 Apr 2025]
26-Mar-2026 14:58:58.350 INFO [main] org.apache.coyote.AbstractProtocol.init Initializing ProtocolHandler ["http-nio-8080"]
26-Mar-2026 14:58:58.370 INFO [main] org.apache.catalina.startup.Catalina.load Server initialization in [293] milliseconds
26-Mar-2026 14:58:58.432 INFO [main] org.apache.catalina.core.StandardService.startInternal Starting service [Catalina]
26-Mar-2026 14:58:58.432 INFO [main] org.apache.catalina.core.StandardEngine.startInternal Starting Servlet engine: [Apache Tomcat/10.1.50]
26-Mar-2026 14:58:58.443 INFO [main] org.apache.catalina.startup.HostConfig.deployDescriptor Deploying deployment descriptor [C:\apache-tomcat-10.1.50\conf\Catalina\localhost\DigitalLibrary.xml]
26-Mar-2026 14:58:58.459 WARNING [main] org.apache.catalina.startup.HostConfig.deployDescriptor The path attribute with value [/DigitalLibrary] in deployment descriptor [C:\apache-tomcat-10.1.50\conf\Catalina\localhost\DigitalLibrary.xml] has been ignored
26-Mar-2026 14:58:58.500 SEVERE [main] org.apache.catalina.startup.HostConfig.deployDescriptor Error deploying deployment descriptor [C:\apache-tomcat-10.1.50\conf\Catalina\localhost\DigitalLibrary.xml]
	java.lang.IllegalStateException: Error starting child
		at org.apache.catalina.core.ContainerBase.addChildInternal(ContainerBase.java:600)
		at org.apache.catalina.core.ContainerBase.addChild(ContainerBase.java:569)
		at org.apache.catalina.core.StandardHost.addChild(StandardHost.java:665)
		at org.apache.catalina.startup.HostConfig.deployDescriptor(HostConfig.java:629)
		at org.apache.catalina.startup.HostConfig$DeployDescriptor.run(HostConfig.java:1878)
		at java.base/java.util.concurrent.Executors$RunnableAdapter.call(Executors.java:539)
		at java.base/java.util.concurrent.FutureTask.run(FutureTask.java:264)
		at org.apache.tomcat.util.threads.InlineExecutorService.execute(InlineExecutorService.java:81)
		at java.base/java.util.concurrent.AbstractExecutorService.submit(AbstractExecutorService.java:123)
		at org.apache.catalina.startup.HostConfig.deployDescriptors(HostConfig.java:524)
		at org.apache.catalina.startup.HostConfig.deployApps(HostConfig.java:415)
		at org.apache.catalina.startup.HostConfig.start(HostConfig.java:1618)
		at org.apache.catalina.startup.HostConfig.lifecycleEvent(HostConfig.java:300)
		at org.apache.catalina.util.LifecycleBase.fireLifecycleEvent(LifecycleBase.java:109)
		at org.apache.catalina.util.LifecycleBase.setStateInternal(LifecycleBase.java:389)
		at org.apache.catalina.util.LifecycleBase.setState(LifecycleBase.java:336)
		at org.apache.catalina.core.ContainerBase.startInternal(ContainerBase.java:774)
		at org.apache.catalina.core.StandardHost.startInternal(StandardHost.java:783)
		at org.apache.catalina.util.LifecycleBase.start(LifecycleBase.java:164)
		at org.apache.catalina.core.ContainerBase$StartChild.call(ContainerBase.java:1201)
		at org.apache.catalina.core.ContainerBase$StartChild.call(ContainerBase.java:1191)
		at java.base/java.util.concurrent.FutureTask.run(FutureTask.java:264)
		at org.apache.tomcat.util.threads.InlineExecutorService.execute(InlineExecutorService.java:81)
		at java.base/java.util.concurrent.AbstractExecutorService.submit(AbstractExecutorService.java:145)
		at org.apache.catalina.core.ContainerBase.startInternal(ContainerBase.java:747)
		at org.apache.catalina.core.StandardEngine.startInternal(StandardEngine.java:201)
		at org.apache.catalina.util.LifecycleBase.start(LifecycleBase.java:164)
		at org.apache.catalina.core.StandardService.startInternal(StandardService.java:410)
		at org.apache.catalina.util.LifecycleBase.start(LifecycleBase.java:164)
		at org.apache.catalina.core.StandardServer.startInternal(StandardServer.java:868)
		at org.apache.catalina.util.LifecycleBase.start(LifecycleBase.java:164)
		at org.apache.catalina.startup.Catalina.start(Catalina.java:758)
		at java.base/jdk.internal.reflect.NativeMethodAccessorImpl.invoke0(Native Method)
		at java.base/jdk.internal.reflect.NativeMethodAccessorImpl.invoke(NativeMethodAccessorImpl.java:77)
		at java.base/jdk.internal.reflect.DelegatingMethodAccessorImpl.invoke(DelegatingMethodAccessorImpl.java:43)
		at java.base/java.lang.reflect.Method.invoke(Method.java:568)
		at org.apache.catalina.startup.Bootstrap.start(Bootstrap.java:342)
		at org.apache.catalina.startup.Bootstrap.main(Bootstrap.java:473)
	Caused by: org.apache.catalina.LifecycleException: Failed to start component [org.apache.catalina.webresources.StandardRoot@5be1d0a4]
		at org.apache.catalina.util.LifecycleBase.handleSubClassException(LifecycleBase.java:404)
		at org.apache.catalina.util.LifecycleBase.start(LifecycleBase.java:179)
		at org.apache.catalina.core.StandardContext.resourcesStart(StandardContext.java:4147)
		at org.apache.catalina.core.StandardContext.startInternal(StandardContext.java:4269)
		at org.apache.catalina.util.LifecycleBase.start(LifecycleBase.java:164)
		at org.apache.catalina.core.ContainerBase.addChildInternal(ContainerBase.java:597)
		... 37 more
	Caused by: java.lang.IllegalArgumentException: The main resource set specified [C:\Users\tenma\Downloads\swp391-gr3-update_login\build\web] is not a directory or war file, or is not readable (it does not exist or permissions to access it are missing)
		at org.apache.catalina.webresources.StandardRoot.createMainResourceSet(StandardRoot.java:758)
		at org.apache.catalina.webresources.StandardRoot.startInternal(StandardRoot.java:715)
		at org.apache.catalina.util.LifecycleBase.start(LifecycleBase.java:164)
		... 41 more
26-Mar-2026 14:58:58.548 INFO [main] org.apache.catalina.startup.HostConfig.deployDescriptor Deployment of deployment descriptor [C:\apache-tomcat-10.1.50\conf\Catalina\localhost\DigitalLibrary.xml] has finished in [105] ms
26-Mar-2026 14:58:58.549 INFO [main] org.apache.catalina.startup.HostConfig.deployDescriptor Deploying deployment descriptor [C:\apache-tomcat-10.1.50\conf\Catalina\localhost\Library.xml]
26-Mar-2026 14:58:58.550 WARNING [main] org.apache.catalina.startup.HostConfig.deployDescriptor The path attribute with value [/Library] in deployment descriptor [C:\apache-tomcat-10.1.50\conf\Catalina\localhost\Library.xml] has been ignored
26-Mar-2026 14:59:00.166 INFO [main] org.apache.jasper.servlet.TldScanner.scanJars At least one JAR was scanned for TLDs yet contained no TLDs. Enable debug logging for this logger for a complete list of JARs that were scanned but no TLDs were found in them. Skipping unneeded JARs during scanning can improve startup time and JSP compilation time.
26-Mar-2026 14:59:00.279 INFO [main] org.apache.catalina.startup.HostConfig.deployDescriptor Deployment of deployment descriptor [C:\apache-tomcat-10.1.50\conf\Catalina\localhost\Library.xml] has finished in [1,730] ms
26-Mar-2026 14:59:00.280 INFO [main] org.apache.catalina.startup.HostConfig.deployDirectory Deploying web application directory [C:\apache-tomcat-10.1.50\webapps\docs]
26-Mar-2026 14:59:00.300 INFO [main] org.apache.catalina.startup.HostConfig.deployDirectory Deployment of web application directory [C:\apache-tomcat-10.1.50\webapps\docs] has finished in [20] ms
26-Mar-2026 14:59:00.300 INFO [main] org.apache.catalina.startup.HostConfig.deployDirectory Deploying web application directory [C:\apache-tomcat-10.1.50\webapps\examples]
26-Mar-2026 14:59:00.497 INFO [main] org.apache.catalina.startup.HostConfig.deployDirectory Deployment of web application directory [C:\apache-tomcat-10.1.50\webapps\examples] has finished in [197] ms
26-Mar-2026 14:59:00.497 INFO [main] org.apache.catalina.startup.HostConfig.deployDirectory Deploying web application directory [C:\apache-tomcat-10.1.50\webapps\host-manager]
26-Mar-2026 14:59:00.523 INFO [main] org.apache.catalina.startup.HostConfig.deployDirectory Deployment of web application directory [C:\apache-tomcat-10.1.50\webapps\host-manager] has finished in [26] ms
26-Mar-2026 14:59:00.523 INFO [main] org.apache.catalina.startup.HostConfig.deployDirectory Deploying web application directory [C:\apache-tomcat-10.1.50\webapps\manager]
26-Mar-2026 14:59:00.541 INFO [main] org.apache.catalina.startup.HostConfig.deployDirectory Deployment of web application directory [C:\apache-tomcat-10.1.50\webapps\manager] has finished in [18] ms
26-Mar-2026 14:59:00.542 INFO [main] org.apache.catalina.startup.HostConfig.deployDirectory Deploying web application directory [C:\apache-tomcat-10.1.50\webapps\ROOT]
26-Mar-2026 14:59:00.556 INFO [main] org.apache.catalina.startup.HostConfig.deployDirectory Deployment of web application directory [C:\apache-tomcat-10.1.50\webapps\ROOT] has finished in [14] ms
26-Mar-2026 14:59:00.559 INFO [main] org.apache.coyote.AbstractProtocol.start Starting ProtocolHandler ["http-nio-8080"]
26-Mar-2026 14:59:00.595 INFO [main] org.apache.catalina.startup.Catalina.start Server startup in [2224] milliseconds
26-Mar-2026 14:59:01.556 INFO [http-nio-8080-exec-4] org.apache.catalina.startup.HostConfig.undeploy Undeploying context [/Library]
26-Mar-2026 14:59:01.566 INFO [http-nio-8080-exec-6] org.apache.catalina.startup.HostConfig.deployDescriptor Deploying deployment descriptor [C:\apache-tomcat-10.1.50\conf\Catalina\localhost\Library.xml]
26-Mar-2026 14:59:01.567 WARNING [http-nio-8080-exec-6] org.apache.catalina.startup.HostConfig.deployDescriptor The path attribute with value [/Library] in deployment descriptor [C:\apache-tomcat-10.1.50\conf\Catalina\localhost\Library.xml] has been ignored
26-Mar-2026 14:59:02.638 INFO [http-nio-8080-exec-6] org.apache.jasper.servlet.TldScanner.scanJars At least one JAR was scanned for TLDs yet contained no TLDs. Enable debug logging for this logger for a complete list of JARs that were scanned but no TLDs were found in them. Skipping unneeded JARs during scanning can improve startup time and JSP compilation time.
26-Mar-2026 14:59:02.653 INFO [http-nio-8080-exec-6] org.apache.catalina.startup.HostConfig.deployDescriptor Deployment of deployment descriptor [C:\apache-tomcat-10.1.50\conf\Catalina\localhost\Library.xml] has finished in [1,087] ms
26-Mar-2026 14:59:02.656 INFO [http-nio-8080-exec-2] org.apache.catalina.util.LifecycleBase.start The start() method was called on component [StandardEngine[Catalina].StandardHost[localhost].StandardContext[/Library]] after start() had already been called. The second call will be ignored.
26-Mar-2026 14:59:06.188 INFO [http-nio-8080-exec-12] org.apache.catalina.startup.HostConfig.undeploy Undeploying context [/Library]
26-Mar-2026 14:59:11.932 INFO [http-nio-8080-exec-10] org.apache.catalina.startup.HostConfig.deployDescriptor Deploying deployment descriptor [C:\apache-tomcat-10.1.50\conf\Catalina\localhost\Library.xml]
26-Mar-2026 14:59:11.933 WARNING [http-nio-8080-exec-10] org.apache.catalina.startup.HostConfig.deployDescriptor The path attribute with value [/Library] in deployment descriptor [C:\apache-tomcat-10.1.50\conf\Catalina\localhost\Library.xml] has been ignored
26-Mar-2026 14:59:13.095 INFO [http-nio-8080-exec-10] org.apache.jasper.servlet.TldScanner.scanJars At least one JAR was scanned for TLDs yet contained no TLDs. Enable debug logging for this logger for a complete list of JARs that were scanned but no TLDs were found in them. Skipping unneeded JARs during scanning can improve startup time and JSP compilation time.
26-Mar-2026 14:59:13.116 INFO [http-nio-8080-exec-10] org.apache.catalina.startup.HostConfig.deployDescriptor Deployment of deployment descriptor [C:\apache-tomcat-10.1.50\conf\Catalina\localhost\Library.xml] has finished in [1,183] ms
26-Mar-2026 14:59:13.118 INFO [http-nio-8080-exec-11] org.apache.catalina.util.LifecycleBase.start The start() method was called on component [StandardEngine[Catalina].StandardHost[localhost].StandardContext[/Library]] after start() had already been called. The second call will be ignored.
26-Mar-2026 14:59:32.846 INFO [http-nio-8080-exec-3] util.DBUtil.<clinit> SQL Server JDBC driver loaded successfully
26-Mar-2026 14:59:33.275 INFO [http-nio-8080-exec-3] util.DBUtil.initializeConnectionPool Connection pool initialized with 10 connections
26-Mar-2026 15:05:11.988 INFO [main] org.apache.catalina.startup.VersionLoggerListener.log Server version name:   Apache Tomcat/10.1.50
26-Mar-2026 15:05:11.991 INFO [main] org.apache.catalina.startup.VersionLoggerListener.log Server built:          Dec 2 2025 22:57:41 UTC
26-Mar-2026 15:05:11.991 INFO [main] org.apache.catalina.startup.VersionLoggerListener.log Server version number: 10.1.50.0
26-Mar-2026 15:05:11.992 INFO [main] org.apache.catalina.startup.VersionLoggerListener.log OS Name:               Windows 11
26-Mar-2026 15:05:11.992 INFO [main] org.apache.catalina.startup.VersionLoggerListener.log OS Version:            10.0
26-Mar-2026 15:05:11.992 INFO [main] org.apache.catalina.startup.VersionLoggerListener.log Architecture:          amd64
26-Mar-2026 15:05:11.992 INFO [main] org.apache.catalina.startup.VersionLoggerListener.log Java Home:             C:\Program Files\Java\jdk-17
26-Mar-2026 15:05:11.992 INFO [main] org.apache.catalina.startup.VersionLoggerListener.log JVM Version:           17.0.11+7-LTS-207
26-Mar-2026 15:05:11.992 INFO [main] org.apache.catalina.startup.VersionLoggerListener.log JVM Vendor:            Oracle Corporation
26-Mar-2026 15:05:11.992 INFO [main] org.apache.catalina.startup.VersionLoggerListener.log CATALINA_BASE:         C:\apache-tomcat-10.1.50
26-Mar-2026 15:05:11.992 INFO [main] org.apache.catalina.startup.VersionLoggerListener.log CATALINA_HOME:         C:\apache-tomcat-10.1.50
26-Mar-2026 15:05:11.998 INFO [main] org.apache.catalina.startup.VersionLoggerListener.log Command line argument: -Djava.util.logging.config.file=C:\apache-tomcat-10.1.50\conf\logging.properties
26-Mar-2026 15:05:11.998 INFO [main] org.apache.catalina.startup.VersionLoggerListener.log Command line argument: -Djava.util.logging.manager=org.apache.juli.ClassLoaderLogManager
26-Mar-2026 15:05:11.998 INFO [main] org.apache.catalina.startup.VersionLoggerListener.log Command line argument: -Djdk.tls.ephemeralDHKeySize=2048
26-Mar-2026 15:05:11.998 INFO [main] org.apache.catalina.startup.VersionLoggerListener.log Command line argument: -Djava.protocol.handler.pkgs=org.apache.catalina.webresources
26-Mar-2026 15:05:11.998 INFO [main] org.apache.catalina.startup.VersionLoggerListener.log Command line argument: -Dsun.io.useCanonCaches=false
26-Mar-2026 15:05:11.998 INFO [main] org.apache.catalina.startup.VersionLoggerListener.log Command line argument: --add-opens=java.base/java.lang=ALL-UNNAMED
26-Mar-2026 15:05:11.998 INFO [main] org.apache.catalina.startup.VersionLoggerListener.log Command line argument: --add-opens=java.base/java.lang.reflect=ALL-UNNAMED
26-Mar-2026 15:05:11.998 INFO [main] org.apache.catalina.startup.VersionLoggerListener.log Command line argument: --add-opens=java.base/java.io=ALL-UNNAMED
26-Mar-2026 15:05:11.999 INFO [main] org.apache.catalina.startup.VersionLoggerListener.log Command line argument: --add-opens=java.base/java.util=ALL-UNNAMED
26-Mar-2026 15:05:11.999 INFO [main] org.apache.catalina.startup.VersionLoggerListener.log Command line argument: --add-opens=java.base/java.util.concurrent=ALL-UNNAMED
26-Mar-2026 15:05:11.999 INFO [main] org.apache.catalina.startup.VersionLoggerListener.log Command line argument: --add-opens=java.rmi/sun.rmi.transport=ALL-UNNAMED
26-Mar-2026 15:05:11.999 INFO [main] org.apache.catalina.startup.VersionLoggerListener.log Command line argument: -Dcatalina.base=C:\apache-tomcat-10.1.50
26-Mar-2026 15:05:12.000 INFO [main] org.apache.catalina.startup.VersionLoggerListener.log Command line argument: -Dcatalina.home=C:\apache-tomcat-10.1.50
26-Mar-2026 15:05:12.000 INFO [main] org.apache.catalina.startup.VersionLoggerListener.log Command line argument: -Djava.io.tmpdir=C:\apache-tomcat-10.1.50\temp
26-Mar-2026 15:05:12.001 INFO [main] org.apache.catalina.core.AprLifecycleListener.lifecycleEvent Loaded Apache Tomcat Native library [2.0.9] using APR version [1.7.6].
26-Mar-2026 15:05:12.005 INFO [main] org.apache.catalina.core.AprLifecycleListener.initializeSSL OpenSSL successfully initialized [OpenSSL 3.5.0 8 Apr 2025]
26-Mar-2026 15:05:12.175 INFO [main] org.apache.coyote.AbstractProtocol.init Initializing ProtocolHandler ["http-nio-8080"]
26-Mar-2026 15:05:12.201 INFO [main] org.apache.catalina.startup.Catalina.load Server initialization in [328] milliseconds
26-Mar-2026 15:05:12.247 INFO [main] org.apache.catalina.core.StandardService.startInternal Starting service [Catalina]
26-Mar-2026 15:05:12.247 INFO [main] org.apache.catalina.core.StandardEngine.startInternal Starting Servlet engine: [Apache Tomcat/10.1.50]
26-Mar-2026 15:05:12.257 INFO [main] org.apache.catalina.startup.HostConfig.deployDescriptor Deploying deployment descriptor [C:\apache-tomcat-10.1.50\conf\Catalina\localhost\DigitalLibrary.xml]
26-Mar-2026 15:05:12.274 WARNING [main] org.apache.catalina.startup.HostConfig.deployDescriptor The path attribute with value [/DigitalLibrary] in deployment descriptor [C:\apache-tomcat-10.1.50\conf\Catalina\localhost\DigitalLibrary.xml] has been ignored
26-Mar-2026 15:05:12.299 SEVERE [main] org.apache.catalina.startup.HostConfig.deployDescriptor Error deploying deployment descriptor [C:\apache-tomcat-10.1.50\conf\Catalina\localhost\DigitalLibrary.xml]
	java.lang.IllegalStateException: Error starting child
		at org.apache.catalina.core.ContainerBase.addChildInternal(ContainerBase.java:600)
		at org.apache.catalina.core.ContainerBase.addChild(ContainerBase.java:569)
		at org.apache.catalina.core.StandardHost.addChild(StandardHost.java:665)
		at org.apache.catalina.startup.HostConfig.deployDescriptor(HostConfig.java:629)
		at org.apache.catalina.startup.HostConfig$DeployDescriptor.run(HostConfig.java:1878)
		at java.base/java.util.concurrent.Executors$RunnableAdapter.call(Executors.java:539)
		at java.base/java.util.concurrent.FutureTask.run(FutureTask.java:264)
		at org.apache.tomcat.util.threads.InlineExecutorService.execute(InlineExecutorService.java:81)
		at java.base/java.util.concurrent.AbstractExecutorService.submit(AbstractExecutorService.java:123)
		at org.apache.catalina.startup.HostConfig.deployDescriptors(HostConfig.java:524)
		at org.apache.catalina.startup.HostConfig.deployApps(HostConfig.java:415)
		at org.apache.catalina.startup.HostConfig.start(HostConfig.java:1618)
		at org.apache.catalina.startup.HostConfig.lifecycleEvent(HostConfig.java:300)
		at org.apache.catalina.util.LifecycleBase.fireLifecycleEvent(LifecycleBase.java:109)
		at org.apache.catalina.util.LifecycleBase.setStateInternal(LifecycleBase.java:389)
		at org.apache.catalina.util.LifecycleBase.setState(LifecycleBase.java:336)
		at org.apache.catalina.core.ContainerBase.startInternal(ContainerBase.java:774)
		at org.apache.catalina.core.StandardHost.startInternal(StandardHost.java:783)
		at org.apache.catalina.util.LifecycleBase.start(LifecycleBase.java:164)
		at org.apache.catalina.core.ContainerBase$StartChild.call(ContainerBase.java:1201)
		at org.apache.catalina.core.ContainerBase$StartChild.call(ContainerBase.java:1191)
		at java.base/java.util.concurrent.FutureTask.run(FutureTask.java:264)
		at org.apache.tomcat.util.threads.InlineExecutorService.execute(InlineExecutorService.java:81)
		at java.base/java.util.concurrent.AbstractExecutorService.submit(AbstractExecutorService.java:145)
		at org.apache.catalina.core.ContainerBase.startInternal(ContainerBase.java:747)
		at org.apache.catalina.core.StandardEngine.startInternal(StandardEngine.java:201)
		at org.apache.catalina.util.LifecycleBase.start(LifecycleBase.java:164)
		at org.apache.catalina.core.StandardService.startInternal(StandardService.java:410)
		at org.apache.catalina.util.LifecycleBase.start(LifecycleBase.java:164)
		at org.apache.catalina.core.StandardServer.startInternal(StandardServer.java:868)
		at org.apache.catalina.util.LifecycleBase.start(LifecycleBase.java:164)
		at org.apache.catalina.startup.Catalina.start(Catalina.java:758)
		at java.base/jdk.internal.reflect.NativeMethodAccessorImpl.invoke0(Native Method)
		at java.base/jdk.internal.reflect.NativeMethodAccessorImpl.invoke(NativeMethodAccessorImpl.java:77)
		at java.base/jdk.internal.reflect.DelegatingMethodAccessorImpl.invoke(DelegatingMethodAccessorImpl.java:43)
		at java.base/java.lang.reflect.Method.invoke(Method.java:568)
		at org.apache.catalina.startup.Bootstrap.start(Bootstrap.java:342)
		at org.apache.catalina.startup.Bootstrap.main(Bootstrap.java:473)
	Caused by: org.apache.catalina.LifecycleException: Failed to start component [org.apache.catalina.webresources.StandardRoot@415b0b49]
		at org.apache.catalina.util.LifecycleBase.handleSubClassException(LifecycleBase.java:404)
		at org.apache.catalina.util.LifecycleBase.start(LifecycleBase.java:179)
		at org.apache.catalina.core.StandardContext.resourcesStart(StandardContext.java:4147)
		at org.apache.catalina.core.StandardContext.startInternal(StandardContext.java:4269)
		at org.apache.catalina.util.LifecycleBase.start(LifecycleBase.java:164)
		at org.apache.catalina.core.ContainerBase.addChildInternal(ContainerBase.java:597)
		... 37 more
	Caused by: java.lang.IllegalArgumentException: The main resource set specified [C:\Users\tenma\Downloads\swp391-gr3-update_login\build\web] is not a directory or war file, or is not readable (it does not exist or permissions to access it are missing)
		at org.apache.catalina.webresources.StandardRoot.createMainResourceSet(StandardRoot.java:758)
		at org.apache.catalina.webresources.StandardRoot.startInternal(StandardRoot.java:715)
		at org.apache.catalina.util.LifecycleBase.start(LifecycleBase.java:164)
		... 41 more
26-Mar-2026 15:05:12.336 INFO [main] org.apache.catalina.startup.HostConfig.deployDescriptor Deployment of deployment descriptor [C:\apache-tomcat-10.1.50\conf\Catalina\localhost\DigitalLibrary.xml] has finished in [80] ms
26-Mar-2026 15:05:12.336 INFO [main] org.apache.catalina.startup.HostConfig.deployDescriptor Deploying deployment descriptor [C:\apache-tomcat-10.1.50\conf\Catalina\localhost\Library.xml]
26-Mar-2026 15:05:12.337 WARNING [main] org.apache.catalina.startup.HostConfig.deployDescriptor The path attribute with value [/Library] in deployment descriptor [C:\apache-tomcat-10.1.50\conf\Catalina\localhost\Library.xml] has been ignored
26-Mar-2026 15:05:14.045 INFO [main] org.apache.jasper.servlet.TldScanner.scanJars At least one JAR was scanned for TLDs yet contained no TLDs. Enable debug logging for this logger for a complete list of JARs that were scanned but no TLDs were found in them. Skipping unneeded JARs during scanning can improve startup time and JSP compilation time.
26-Mar-2026 15:05:14.159 INFO [main] org.apache.catalina.startup.HostConfig.deployDescriptor Deployment of deployment descriptor [C:\apache-tomcat-10.1.50\conf\Catalina\localhost\Library.xml] has finished in [1,822] ms
26-Mar-2026 15:05:14.159 INFO [main] org.apache.catalina.startup.HostConfig.deployDirectory Deploying web application directory [C:\apache-tomcat-10.1.50\webapps\docs]
26-Mar-2026 15:05:14.183 INFO [main] org.apache.catalina.startup.HostConfig.deployDirectory Deployment of web application directory [C:\apache-tomcat-10.1.50\webapps\docs] has finished in [24] ms
26-Mar-2026 15:05:14.184 INFO [main] org.apache.catalina.startup.HostConfig.deployDirectory Deploying web application directory [C:\apache-tomcat-10.1.50\webapps\examples]
26-Mar-2026 15:05:14.378 INFO [main] org.apache.catalina.startup.HostConfig.deployDirectory Deployment of web application directory [C:\apache-tomcat-10.1.50\webapps\examples] has finished in [194] ms
26-Mar-2026 15:05:14.378 INFO [main] org.apache.catalina.startup.HostConfig.deployDirectory Deploying web application directory [C:\apache-tomcat-10.1.50\webapps\host-manager]
26-Mar-2026 15:05:14.408 INFO [main] org.apache.catalina.startup.HostConfig.deployDirectory Deployment of web application directory [C:\apache-tomcat-10.1.50\webapps\host-manager] has finished in [29] ms
26-Mar-2026 15:05:14.408 INFO [main] org.apache.catalina.startup.HostConfig.deployDirectory Deploying web application directory [C:\apache-tomcat-10.1.50\webapps\manager]
26-Mar-2026 15:05:14.433 INFO [main] org.apache.catalina.startup.HostConfig.deployDirectory Deployment of web application directory [C:\apache-tomcat-10.1.50\webapps\manager] has finished in [25] ms
26-Mar-2026 15:05:14.433 INFO [main] org.apache.catalina.startup.HostConfig.deployDirectory Deploying web application directory [C:\apache-tomcat-10.1.50\webapps\ROOT]
26-Mar-2026 15:05:14.456 INFO [main] org.apache.catalina.startup.HostConfig.deployDirectory Deployment of web application directory [C:\apache-tomcat-10.1.50\webapps\ROOT] has finished in [22] ms
26-Mar-2026 15:05:14.460 INFO [main] org.apache.coyote.AbstractProtocol.start Starting ProtocolHandler ["http-nio-8080"]
26-Mar-2026 15:05:14.497 INFO [main] org.apache.catalina.startup.Catalina.start Server startup in [2296] milliseconds
26-Mar-2026 15:05:15.105 INFO [http-nio-8080-exec-4] org.apache.catalina.startup.HostConfig.undeploy Undeploying context [/Library]
26-Mar-2026 15:05:15.119 INFO [http-nio-8080-exec-9] org.apache.catalina.startup.HostConfig.deployDescriptor Deploying deployment descriptor [C:\apache-tomcat-10.1.50\conf\Catalina\localhost\Library.xml]
26-Mar-2026 15:05:15.119 WARNING [http-nio-8080-exec-9] org.apache.catalina.startup.HostConfig.deployDescriptor The path attribute with value [/Library] in deployment descriptor [C:\apache-tomcat-10.1.50\conf\Catalina\localhost\Library.xml] has been ignored
26-Mar-2026 15:05:16.334 INFO [http-nio-8080-exec-9] org.apache.jasper.servlet.TldScanner.scanJars At least one JAR was scanned for TLDs yet contained no TLDs. Enable debug logging for this logger for a complete list of JARs that were scanned but no TLDs were found in them. Skipping unneeded JARs during scanning can improve startup time and JSP compilation time.
26-Mar-2026 15:05:16.354 INFO [http-nio-8080-exec-9] org.apache.catalina.startup.HostConfig.deployDescriptor Deployment of deployment descriptor [C:\apache-tomcat-10.1.50\conf\Catalina\localhost\Library.xml] has finished in [1,234] ms
26-Mar-2026 15:05:16.358 INFO [http-nio-8080-exec-2] org.apache.catalina.util.LifecycleBase.start The start() method was called on component [StandardEngine[Catalina].StandardHost[localhost].StandardContext[/Library]] after start() had already been called. The second call will be ignored.
26-Mar-2026 15:06:15.012 INFO [Catalina-utility-1] org.apache.catalina.startup.HostConfig.undeploy Undeploying context [/DigitalLibrary]
26-Mar-2026 15:06:27.823 INFO [http-nio-8080-exec-5] org.apache.catalina.startup.HostConfig.undeploy Undeploying context [/Library]
26-Mar-2026 15:06:32.952 INFO [http-nio-8080-exec-10] org.apache.catalina.startup.HostConfig.deployDescriptor Deploying deployment descriptor [C:\apache-tomcat-10.1.50\conf\Catalina\localhost\Library.xml]
26-Mar-2026 15:06:32.952 WARNING [http-nio-8080-exec-10] org.apache.catalina.startup.HostConfig.deployDescriptor The path attribute with value [/Library] in deployment descriptor [C:\apache-tomcat-10.1.50\conf\Catalina\localhost\Library.xml] has been ignored
26-Mar-2026 15:06:34.160 INFO [http-nio-8080-exec-10] org.apache.jasper.servlet.TldScanner.scanJars At least one JAR was scanned for TLDs yet contained no TLDs. Enable debug logging for this logger for a complete list of JARs that were scanned but no TLDs were found in them. Skipping unneeded JARs during scanning can improve startup time and JSP compilation time.
26-Mar-2026 15:06:34.181 INFO [http-nio-8080-exec-10] org.apache.catalina.startup.HostConfig.deployDescriptor Deployment of deployment descriptor [C:\apache-tomcat-10.1.50\conf\Catalina\localhost\Library.xml] has finished in [1,229] ms
26-Mar-2026 15:06:34.183 INFO [http-nio-8080-exec-17] org.apache.catalina.util.LifecycleBase.start The start() method was called on component [StandardEngine[Catalina].StandardHost[localhost].StandardContext[/Library]] after start() had already been called. The second call will be ignored.
26-Mar-2026 15:07:39.454 INFO [http-nio-8080-exec-13] org.apache.catalina.startup.HostConfig.undeploy Undeploying context [/Library]
26-Mar-2026 15:07:46.865 INFO [http-nio-8080-exec-18] org.apache.catalina.startup.HostConfig.deployDescriptor Deploying deployment descriptor [C:\apache-tomcat-10.1.50\conf\Catalina\localhost\Library.xml]
26-Mar-2026 15:07:46.866 WARNING [http-nio-8080-exec-18] org.apache.catalina.startup.HostConfig.deployDescriptor The path attribute with value [/Library] in deployment descriptor [C:\apache-tomcat-10.1.50\conf\Catalina\localhost\Library.xml] has been ignored
26-Mar-2026 15:07:47.903 INFO [http-nio-8080-exec-18] org.apache.jasper.servlet.TldScanner.scanJars At least one JAR was scanned for TLDs yet contained no TLDs. Enable debug logging for this logger for a complete list of JARs that were scanned but no TLDs were found in them. Skipping unneeded JARs during scanning can improve startup time and JSP compilation time.
26-Mar-2026 15:07:47.920 INFO [http-nio-8080-exec-18] org.apache.catalina.startup.HostConfig.deployDescriptor Deployment of deployment descriptor [C:\apache-tomcat-10.1.50\conf\Catalina\localhost\Library.xml] has finished in [1,055] ms
26-Mar-2026 15:07:47.923 INFO [http-nio-8080-exec-22] org.apache.catalina.util.LifecycleBase.start The start() method was called on component [StandardEngine[Catalina].StandardHost[localhost].StandardContext[/Library]] after start() had already been called. The second call will be ignored.
26-Mar-2026 15:39:14.656 INFO [http-nio-8080-exec-28] util.DBUtil.<clinit> SQL Server JDBC driver loaded successfully
26-Mar-2026 15:39:14.978 INFO [http-nio-8080-exec-28] util.DBUtil.initializeConnectionPool Connection pool initialized with 10 connections
26-Mar-2026 15:39:15.035 INFO [http-nio-8080-exec-33] controller.BookController.handleBookListing Paginated search - page: 1, pageSize: 12, keyword: null, filters applied
